ano,serie,posicao,clube_id,clube,uf,n_clubes,posicao_absoluta,indice_temporada,pontos,jogos,vitorias,empates,derrotas,gp,gc,sg
2001,A,1,ATLETICO|PR,Athletico Paranaense (PR),PR,28,1,400.0,63,31,19,6,6,68,45,23
2001,A,2,SAO CAETANO|SP,São Caetano (SP),SP,28,2,385.71,63,31,19,6,6,52,31,21
2001,A,3,FLUMINENSE|RJ,Fluminense (RJ),RJ,28,3,371.43,54,29,15,9,5,49,34,15
2001,A,4,ATLETICO|MG,Atlético (MG),MG,28,4,357.14,52,29,16,4,9,54,36,18
2001,A,5,GREMIO|RS,Grêmio (RS),RS,28,5,342.86,47,28,14,5,9,39,32,7
2001,A,6,PONTE PRETA|SP,Ponte Preta (SP),SP,28,6,328.57,47,28,13,8,7,55,51,4
2001,A,7,SAO PAULO|SP,São Paulo (SP),SP,28,7,314.29,46,28,13,7,8,49,36,13
2001,A,8,BAHIA|BA,Bahia (BA),BA,28,8,300.0,46,28,13,7,8,43,38,5
2001,A,9,INTERNACIONAL|RS,Internacional (RS),RS,28,9,285.71,40,27,12,4,11,38,40,-2
2001,A,10,GOIAS|GO,Goiás (GO),GO,28,10,271.43,39,27,12,3,12,38,32,6
2001,A,11,VASCO|RJ,Vasco (RJ),RJ,28,11,257.14,39,27,10,9,8,57,36,21
2001,A,12,PALMEIRAS|SP,Palmeiras (SP),SP,28,12,242.86,38,27,12,2,13,40,47,-7
2001,A,13,PORTUGUESA|SP,Portuguesa (SP),SP,28,13,228.57,37,27,11,4,12,31,33,-2
2001,A,14,PARANA|PR,Paraná (PR),PR,28,14,214.29,36,27,11,3,13,35,37,-2
2001,A,15,SANTOS|SP,Santos (SP),SP,28,15,200.0,36,27,9,9,9,37,32,5
2001,A,16,VITORIA|BA,Vitória (BA),BA,28,16,185.71,36,27,9,9,9,33,37,-4
2001,A,17,CORITIBA|PR,Coritiba (PR),PR,28,17,171.43,35,27,9,8,10,31,32,-1
2001,A,18,CORINTHIANS|SP,Corinthians (SP),SP,28,18,157.14,34,27,9,7,11,46,45,1
2001,A,19,GUARANI|SP,Guarani (SP),SP,28,19,142.86,33,27,9,6,12,29,45,-16
2001,A,20,GAMA|DF,Gama (DF),DF,28,20,128.57,33,27,8,9,10,40,34,6
2001,A,21,CRUZEIRO|MG,Cruzeiro (MG),MG,28,21,114.29,32,27,9,5,13,36,43,-7
2001,A,22,JUVENTUDE|RS,Juventude (RS),RS,28,22,100.0,30,27,6,12,9,29,37,-8
2001,A,23,BOTAFOGO|RJ,Botafogo (RJ),RJ,28,23,85.71,29,27,8,5,14,41,51,-10
2001,A,24,FLAMENGO|RJ,Flamengo (RJ),RJ,28,24,71.43,29,27,8,5,14,25,39,-14
2001,A,25,SANTA CRUZ|PE,Santa Cruz (PE),PE,28,25,57.14,27,27,7,6,14,31,50,-19
2001,A,26,AMERICA|MG,América (MG),MG,28,26,42.86,25,27,6,7,14,32,46,-14
2001,A,27,BOTAFOGO|SP,Botafogo (SP),SP,28,27,28.57,25,27,6,7,14,23,41,-18
2001,A,28,SPORT|PE,Sport (PE),PE,28,28,14.29,19,27,5,4,18,24,46,-22
2001,B,1,PAYSANDU|PA,Paysandu (PA),PA,28,21,300.0,59,34,14,16,4,60,36,24
2001,B,2,FIGUEIRENSE|SC,Figueirense (SC),SC,28,22,289.29,54,34,16,6,12,61,49,12
2001,B,3,CAXIAS|RS,Caxias (RS),RS,28,23,278.57,55,34,15,10,9,53,45,8
2001,B,4,AVAI|SC,Avaí (SC),SC,28,24,267.86,54,34,15,9,10,48,43,5
2001,B,5,NAUTICO|PE,Náutico (PE),PE,28,25,257.14,44,28,13,5,10,47,38,9
2001,B,6,CRB|AL,CRB (AL),AL,28,26,246.43,44,28,13,5,10,38,39,-1
2001,B,7,UNIAO SAO JOAO|SP,União São João (SP),SP,28,27,235.71,43,28,11,9,8,45,31,14
2001,B,8,CEARA|CE,Ceará (CE),CE,28,28,225.0,41,28,12,5,11,52,41,11
2001,B,9,JOINVILLE|SC,Joinville (SC),SC,28,29,214.29,41,26,11,8,7,39,26,13
2001,B,10,FORTALEZA|CE,Fortaleza (CE),CE,28,30,203.57,40,26,11,7,8,40,27,13
2001,B,11,SAO RAIMUNDO|AM,São Raimundo (AM),AM,28,31,192.86,38,26,11,5,10,36,37,-1
2001,B,12,AMERICA|RN,América (RN),RN,28,32,182.14,38,26,9,11,6,32,30,2
2001,B,13,VILA NOVA|GO,Vila Nova (GO),GO,28,33,171.43,37,26,12,1,13,42,44,-4
2001,B,14,AMERICANO|RJ,Americano (RJ),RJ,28,34,160.71,37,26,11,4,11,32,36,-4
2001,B,15,LONDRINA|PR,Londrina (PR),PR,28,35,150.0,37,26,10,7,9,45,36,9
2001,B,16,BRAGANTINO|SP,Bragantino (SP),SP,28,36,139.29,35,26,11,2,13,40,43,-3
2001,B,17,ANAPOLINA|GO,Anapolina (GO),GO,28,37,128.57,34,26,10,4,12,45,47,-2
2001,B,18,XV DE PIRACICABA|SP,XV de Piracicaba (SP),SP,28,38,117.86,33,26,12,2,12,39,45,-6
2001,B,19,REMO|PA,Remo (PA),PA,28,39,107.14,32,26,9,5,12,33,39,-7
2001,B,20,SAMPAIO CORREA|MA,Sampaio Corrêa (MA),MA,28,40,96.43,32,26,9,5,12,32,40,-8
2001,B,21,MALUTROM|PR,Malutrom (PR),PR,28,41,85.71,35,28,10,5,13,34,38,-4
2001,B,22,CRICIUMA|SC,Criciúma (SC),SC,28,42,75.0,34,28,9,7,12,38,41,-3
2001,B,23,TUNA LUSO|PA,Tuna Luso (PA),PA,28,43,64.29,33,28,9,6,13,37,47,-10
2001,B,24,SERGIPE|SE,Sergipe (SE),SE,28,44,53.57,32,28,8,9,11,39,44,-5
2001,B,25,DESPORTIVA|ES,Desportiva (ES),ES,28,45,42.86,29,26,8,5,13,26,48,-22
2001,B,26,ABC|RN,ABC (RN),RN,28,46,32.14,29,26,7,8,11,33,41,-8
2001,B,27,NACIONAL|AM,Nacional (AM),AM,28,47,21.43,25,26,6,7,13,13,30,-17
2001,B,28,SERRA|ES,Serra (ES),ES,28,48,10.71,24,26,6,6,14,33,48,-15
2001,C,1,ETTI JUNDIAI|SP,Etti Jundiaí (SP),SP,65,41,200.0,52,22,16,4,2,48,18,30
2001,C,2,MOGI MIRIM|SP,Mogi Mirim (SP),SP,65,42,196.92,36,20,11,3,6,34,24,10
2001,C,3,GUARANY|CE,Guarany (CE),CE,65,43,193.85,38,20,11,5,4,34,26,8
2001,C,4,ATLETICO|GO,Atlético (GO),GO,65,44,190.77,33,22,9,6,7,29,24,5
2001,C,5,BRASILIENSE|DF,Brasiliense (DF),DF,65,45,187.69,35,16,11,2,3,35,17,18
2001,C,6,TUBARAO|SC,Tubarão (SC),SC,65,46,184.62,31,16,9,4,3,26,17,9
2001,C,7,YPIRANGA|AP,Ypiranga (AP),AP,65,47,181.54,30,16,9,3,4,25,21,4
2001,C,8,JUAZEIRO|BA,Juazeiro (BA),BA,65,48,178.46,29,14,9,2,3,37,21,16
2001,C,9,MADUREIRA|RJ,Madureira (RJ),RJ,65,49,175.38,29,16,9,2,5,25,19,6
2001,C,10,IPATINGA|MG,Ipatinga (MG),MG,65,50,172.31,28,16,8,4,4,26,16,10
2001,C,11,CORINTHIANS|AL,Corinthians (AL),AL,65,51,169.23,27,14,9,0,5,27,27,0
2001,C,12,TREZE|PB,Treze (PB),PB,65,52,166.15,27,14,7,6,1,25,11,14
2001,C,13,UBERLANDIA|MG,Uberlândia (MG),MG,65,53,163.08,27,16,7,6,3,23,18,5
2001,C,14,BRASIL|RS,Brasil (RS),RS,65,54,160.0,26,16,7,5,4,20,17,3
2001,C,15,FERROVIARIO|CE,Ferroviário (CE),CE,65,55,156.92,25,14,7,4,3,15,8,7
2001,C,16,UNIAO BANDEIRANTE|PR,União Bandeirante (PR),PR,65,56,153.85,25,14,7,4,3,23,20,3
2001,C,17,RIO NEGRO|RR,Rio Negro (RR),RR,65,57,150.77,25,16,6,7,3,23,17,6
2001,C,18,CONFIANCA|SE,Confiança (SE),SE,65,58,147.69,23,14,7,2,5,22,17,5
2001,C,19,INDEPENDENTE|BA,Independente (BA),BA,65,59,144.62,20,14,6,2,6,21,18,3
2001,C,20,SAO GONCALO|RN,São Gonçalo (RN),RN,65,60,141.54,19,14,5,4,5,21,17,4
2001,C,21,SANTO ANDRE|SP,Santo André (SP),SP,65,61,138.46,23,12,7,2,3,20,11,9
2001,C,22,CORINTIANS|RN,Coríntians (RN),RN,65,62,135.38,19,10,5,4,1,16,9,7
2001,C,23,AGUIA DE MARABA|PA,Águia de Marabá (PA),PA,65,63,132.31,19,12,5,4,3,18,14,4
2001,C,24,IRATY|PR,Iraty (PR),PR,65,64,129.23,19,12,5,4,3,21,18,3
2001,C,25,CENE|MS,CENE (MS),MS,65,65,126.15,18,12,5,3,4,20,17,3
2001,C,26,VILLA NOVA|MG,Villa Nova (MG),MG,65,66,123.08,18,12,4,6,2,14,6,8
2001,C,27,RIO NEGRO|AM,Rio Negro (AM),AM,65,67,120.0,17,12,5,2,5,28,22,6
2001,C,28,RIVER|PI,Ríver (PI),PI,65,68,116.92,17,10,5,2,3,20,14,6
2001,C,29,CATUENSE|BA,Catuense (BA),BA,65,69,113.85,16,10,5,1,4,13,13,0
2001,C,30,GOIANIA|GO,Goiânia (GO),GO,65,70,110.77,16,10,4,4,4,10,14,-4
2001,C,31,ASA|AL,ASA (AL),AL,65,71,107.69,15,10,5,0,5,14,15,-1
2001,C,32,TIRADENTES|PA,Tiradentes (PA),PA,65,72,104.62,15,12,4,3,5,22,17,5
2001,C,33,ATLETICO SOROCABA|SP,Atlético Sorocaba (SP),SP,65,73,101.54,15,12,4,3,5,15,18,-3
2001,C,34,SAO JOSE|RS,São José (RS),RS,65,74,98.46,15,12,4,3,5,14,18,-4
2001,C,35,ATLETICO TC|MG,Atlético/Tc (MG),MG,65,75,95.38,15,12,4,3,5,11,18,-7
2001,C,36,CENTRAL|PE,Central (PE),PE,65,76,92.31,14,10,4,2,4,16,12,4
2001,C,37,ANDIRA|AC,Andirá (AC),AC,65,77,89.23,14,12,4,2,7,15,19,-4
2001,C,38,OLARIA|RJ,Olaria (RJ),RJ,65,78,86.15,14,12,4,2,6,11,16,-5
2001,C,39,FRIBURGUENSE|RJ,Friburguense (RJ),RJ,65,79,83.08,14,10,3,5,2,11,11,0
2001,C,40,PELOTAS|RS,Pelotas (RS),RS,65,80,80.0,14,12,3,5,4,11,12,-1
2001,C,41,ITUANO|SP,Ituano (SP),SP,65,81,76.92,13,10,3,4,3,9,6,3
2001,C,42,CSA|AL,CSA (AL),AL,65,82,73.85,12,10,4,0,6,13,16,-3
2001,C,43,COLO COLO|BA,Colo-Colo (BA),BA,65,83,70.77,12,10,3,3,4,12,14,-2
2001,C,44,MAMORE|MG,Mamoré (MG),MG,65,84,67.69,12,12,2,6,4,14,19,-5
2001,C,45,ITABAIANA|SE,Itabaiana (SE),SE,65,85,64.62,11,10,3,2,5,17,20,-3
2001,C,46,UNIAO|MT,União (MT),MT,65,86,61.54,11,12,3,2,7,6,18,-12
2001,C,47,COMERCIAL|MS,Comercial (MS),MS,65,87,58.46,11,12,2,5,5,11,12,-1
2001,C,48,TUPI|MG,Tupi (MG),MG,65,88,55.38,11,12,2,5,5,13,17,-4
2001,C,49,CAXIENSE|MA,Caxiense (MA),MA,65,89,52.31,10,10,3,1,6,7,16,-9
2001,C,50,RIO BRANCO|SP,Rio Branco (SP),SP,65,90,49.23,10,10,2,4,4,9,9,0
2001,C,51,PASSO FUNDO|RS,Passo Fundo (RS),RS,65,91,46.15,10,12,2,4,6,8,17,-9
2001,C,52,GUARABIRA|PB,Guarabira (PB),PB,65,92,43.08,10,10,2,4,4,11,23,-12
2001,C,53,AMERICA|RJ,América (RJ),RJ,65,93,40.0,9,12,2,3,7,7,21,-14
2001,C,54,TOCANTINOPOLIS|TO,Tocantinópolis (TO),TO,65,94,36.92,8,10,2,2,6,16,19,-3
2001,C,55,MARCILIO DIAS|SC,Marcílio Dias (SC),SC,65,95,33.85,8,12,2,2,8,13,17,-4
2001,C,56,ESTRELA DO NORTE|ES,Estrela do Norte (ES),ES,65,96,30.77,8,10,2,2,6,8,15,-7
2001,C,57,REAL|GO,Real (GO),GO,65,97,27.69,8,12,2,2,8,13,23,-10
2001,C,58,BANGU|RJ,Bangu (RJ),RJ,65,98,24.62,7,12,2,1,9,9,19,-10
2001,C,59,GENUS|RO,Gênus (RO),RO,65,99,21.54,7,12,2,1,9,13,38,-25
2001,C,60,UBERABA|MG,Uberaba (MG),MG,65,100,18.46,7,12,1,4,7,16,28,-12
2001,C,61,CACHOEIRO|ES,Cachoeiro (ES),ES,65,101,15.38,7,10,1,4,5,8,22,-14
2001,C,62,BOTAFOGO|PB,Botafogo (PB),PB,65,102,12.31,6,10,1,3,6,8,13,-5
2001,C,63,ATLETICO|PB,Atlético (PB),PB,65,103,9.23,5,10,1,2,7,12,22,-10
2001,C,64,VOLTA REDONDA|RJ,Volta Redonda (RJ),RJ,65,104,6.15,5,10,1,2,7,7,17,-10
2001,C,65,MOTO CLUBE|MA,Moto Clube (MA),MA,65,105,3.08,3,10,0,3,7,5,16,-11
2002,A,1,SANTOS|SP,Santos (SP),SP,26,1,400.0,54,31,16,6,9,59,41,18
2002,A,2,CORINTHIANS|SP,Corinthians (SP),SP,26,2,384.62,52,31,15,7,9,50,46,4
2002,A,3,GREMIO|RS,Grêmio (RS),RS,26,3,369.23,48,29,13,9,7,41,32,9
2002,A,4,FLUMINENSE|RJ,Fluminense (RJ),RJ,26,4,353.85,46,29,14,4,11,49,51,-2
2002,A,5,SAO PAULO|SP,São Paulo (SP),SP,26,5,338.46,52,27,16,4,7,59,40,19
2002,A,6,SAO CAETANO|SP,São Caetano (SP),SP,26,6,323.08,50,27,15,5,7,44,31,13
2002,A,7,JUVENTUDE|RS,Juventude (RS),RS,26,7,307.69,42,27,12,6,9,34,31,3
2002,A,8,ATLETICO|MG,Atlético (MG),MG,26,8,292.31,40,27,12,4,11,52,51,1
2002,A,9,CRUZEIRO|MG,Cruzeiro (MG),MG,26,9,276.92,39,25,11,6,8,40,39,1
2002,A,10,VITORIA|BA,Vitória (BA),BA,26,10,261.54,37,25,11,4,10,46,42,4
2002,A,11,CORITIBA|PR,Coritiba (PR),PR,26,11,246.15,36,25,11,3,11,34,34,0
2002,A,12,GOIAS|GO,Goiás (GO),GO,26,12,230.77,36,25,10,6,9,42,39,3
2002,A,13,PONTE PRETA|SP,Ponte Preta (SP),SP,26,13,215.38,34,25,10,4,11,35,34,1
2002,A,14,ATLETICO|PR,Athletico Paranaense (PR),PR,26,14,200.0,34,25,9,7,9,39,33,6
2002,A,15,VASCO|RJ,Vasco (RJ),RJ,26,15,184.62,33,25,10,3,12,37,38,-1
2002,A,16,GUARANI|SP,Guarani (SP),SP,26,16,169.23,33,25,9,6,10,32,35,-3
2002,A,17,FIGUEIRENSE|SC,Figueirense (SC),SC,26,17,153.85,31,25,9,4,12,34,43,-9
2002,A,18,FLAMENGO|RJ,Flamengo (RJ),RJ,26,18,138.46,30,25,8,6,11,38,39,-1
2002,A,19,BAHIA|BA,Bahia (BA),BA,26,19,123.08,30,25,8,6,11,35,37,-2
2002,A,20,PAYSANDU|PA,Paysandu (PA),PA,26,20,107.69,29,25,9,2,14,35,46,-11
2002,A,21,INTERNACIONAL|RS,Internacional (RS),RS,26,21,92.31,29,25,7,8,10,36,37,-1
2002,A,22,PARANA|PR,Paraná (PR),PR,26,22,76.92,28,25,8,4,13,37,42,-5
2002,A,23,PORTUGUESA|SP,Portuguesa (SP),SP,26,23,61.54,27,25,7,6,12,26,40,-14
2002,A,24,PALMEIRAS|SP,Palmeiras (SP),SP,26,24,46.15,27,25,6,9,10,37,46,-9
2002,A,25,GAMA|DF,Gama (DF),DF,26,25,30.77,25,25,7,4,14,30,39,-9
2002,A,26,BOTAFOGO|RJ,Botafogo (RJ),RJ,26,26,15.38,25,25,6,7,12,24,39,-15
2002,B,1,CRICIUMA|SC,Criciúma (SC),SC,26,21,300.0,63,31,20,3,8,58,39,19
2002,B,2,FORTALEZA|CE,Fortaleza (CE),CE,26,22,288.46,59,31,18,5,8,61,31,30
2002,B,3,SANTA CRUZ|PE,Santa Cruz (PE),PE,26,23,276.92,51,29,14,9,6,49,30,19
2002,B,4,JUNDIAI|SP,Jundiaí (SP),SP,26,24,265.38,44,29,12,8,9,43,37,6
2002,B,5,SPORT|PE,Sport (PE),PE,26,25,253.85,51,27,15,6,6,40,24,16
2002,B,6,AVAI|SC,Avaí (SC),SC,26,26,242.31,47,27,14,5,8,41,23,8
2002,B,7,AMERICA|MG,América (MG),MG,26,27,230.77,41,27,12,5,10,49,38,11
2002,B,8,REMO|PA,Remo (PA),PA,26,28,219.23,41,27,12,5,10,39,40,-1
2002,B,9,CRB|AL,CRB (AL),AL,26,29,207.69,38,25,10,8,7,35,32,3
2002,B,10,AMERICA|RN,América (RN),RN,26,30,196.15,36,25,10,6,9,46,35,11
2002,B,11,MOGI MIRIM|SP,Mogi Mirim (SP),SP,26,31,184.62,35,25,11,2,12,37,39,-2
2002,B,12,JOINVILLE|SC,Joinville (SC),SC,26,32,173.08,34,25,10,4,11,36,44,-8
2002,B,13,CEARA|CE,Ceará (CE),CE,26,33,161.54,33,25,9,6,10,35,27,8
2002,B,14,CAXIAS|RS,Caxias (RS),RS,26,34,150.0,33,25,9,6,10,31,24,7
2002,B,15,VILA NOVA|GO,Vila Nova (GO),GO,26,35,138.46,33,25,9,6,10,40,35,5
2002,B,16,UNIAO SAO JOAO|SP,União São João (SP),SP,26,36,126.92,33,25,9,6,10,32,40,-8
2002,B,17,ANAPOLINA|GO,Anapolina (GO),GO,26,37,115.38,33,25,8,9,8,33,35,-2
2002,B,18,LONDRINA|PR,Londrina (PR),PR,26,38,103.85,33,25,8,9,8,28,30,-2
2002,B,19,SAO RAIMUNDO|AM,São Raimundo (AM),AM,26,39,92.31,32,25,10,2,13,34,37,-3
2002,B,20,NAUTICO|PE,Náutico (PE),PE,26,40,80.77,32,25,9,5,11,38,35,3
2002,B,21,AMERICANO|RJ,Americano (RJ),RJ,26,41,69.23,32,25,9,5,11,34,36,-2
2002,B,22,BOTAFOGO|SP,Botafogo (SP),SP,26,42,57.69,30,25,8,6,11,36,60,-24
2002,B,23,SAMPAIO CORREA|MA,Sampaio Corrêa (MA),MA,26,43,46.15,25,25,7,4,14,25,50,-25
2002,B,24,GUARANY|CE,Guarany (CE),CE,26,44,34.62,20,25,5,5,15,28,51,-23
2002,B,25,XV DE PIRACICABA|SP,XV de Piracicaba (SP),SP,26,45,23.08,19,25,5,4,16,19,44,-25
2002,B,26,BRAGANTINO|SP,Bragantino (SP),SP,26,46,11.54,17,25,4,5,16,23,54,-31
2002,C,1,BRASILIENSE|DF,Brasiliense (DF),DF,61,41,200.0,38,18,11,5,2,37,17,20
2002,C,2,MARILIA|SP,Marília (SP),SP,61,42,196.72,32,18,8,8,2,29,14,15
2002,C,3,NACIONAL|AM,Nacional (AM),AM,61,43,193.44,36,20,11,3,6,36,27,9
2002,C,4,IPATINGA|MG,Ipatinga (MG),MG,61,44,190.16,24,16,6,6,4,20,15,5
2002,C,5,ULBRA|RS,Ulbra (RS),RS,61,45,186.89,23,12,7,2,3,15,11,4
2002,C,6,ABC|RN,ABC (RN),RN,61,46,183.61,19,12,5,4,3,18,10,8
2002,C,7,FERROVIARIO|CE,Ferroviário (CE),CE,61,47,180.33,18,10,5,3,2,20,10,10
2002,C,8,VILLA NOVA|MG,Villa Nova (MG),MG,61,48,177.05,17,12,5,2,5,13,13,0
2002,C,9,RORAIMA|RR,Roraima (RR),RR,61,49,173.77,21,12,6,3,3,24,17,7
2002,C,10,RIO BRANCO|SP,Rio Branco (SP),SP,61,50,170.49,18,10,5,3,2,14,8,6
2002,C,11,ANAPOLIS|GO,Anápolis (GO),GO,61,51,167.21,17,10,5,2,3,13,10,3
2002,C,12,IRATY|PR,Iraty (PR),PR,61,52,163.93,17,10,5,2,3,10,7,3
2002,C,13,OLARIA|RJ,Olaria (RJ),RJ,61,53,160.66,16,10,3,7,0,10,7,3
2002,C,14,CSA|AL,CSA (AL),AL,61,54,157.38,14,10,4,2,4,13,10,3
2002,C,15,TUPI|MG,Tupi (MG),MG,61,55,154.1,11,8,3,2,3,10,7,3
2002,C,16,RIVER|PI,Ríver (PI),PI,61,56,150.82,10,8,2,4,2,8,8,0
2002,C,17,TREZE|PB,Treze (PB),PB,61,57,147.54,17,8,5,2,1,12,10,2
2002,C,18,BRASIL|RS,Brasil (RS),RS,61,58,144.26,16,8,5,1,2,11,7,4
2002,C,19,SANTA INES|MA,Santa Inês (MA),MA,61,59,140.98,14,6,4,2,0,17,0,17
2002,C,20,CONFIANCA|SE,Confiança (SE),SE,61,60,137.7,14,8,4,2,2,9,6,3
2002,C,21,ITABAIANA|SE,Itabaiana (SE),SE,61,61,134.43,13,8,4,1,3,10,8,2
2002,C,22,TOCANTINOPOLIS|TO,Tocantinópolis (TO),TO,61,62,131.15,13,8,4,1,3,11,11,0
2002,C,23,UNIAO BANDEIRANTE|PR,União Bandeirante (PR),PR,61,63,127.87,11,8,3,2,3,11,9,2
2002,C,24,TUNA LUSO|PA,Tuna Luso (PA),PA,61,64,124.59,11,8,3,2,3,9,8,1
2002,C,25,ATLETICO|GO,Atlético (GO),GO,61,65,121.31,11,8,2,5,1,8,7,1
2002,C,26,ATLETICO SOROCABA|SP,Atlético Sorocaba (SP),SP,61,66,118.03,10,8,1,7,0,4,3,1
2002,C,27,BANGU|RJ,Bangu (RJ),RJ,61,67,114.75,9,8,2,3,3,12,12,0
2002,C,28,FLUMINENSE|BA,Fluminense (BA),BA,61,68,111.48,9,8,2,3,3,7,10,-3
2002,C,29,ITUANO|SP,Ituano (SP),SP,61,69,108.2,8,8,1,5,2,8,8,0
2002,C,30,CENE|MS,CENE (MS),MS,61,70,104.92,7,6,1,4,1,9,9,0
2002,C,31,NOVO HORIZONTE|GO,Novo Horizonte (GO),GO,61,71,101.64,7,6,1,4,1,6,7,-1
2002,C,32,TOCANTINS|MA,Tocantins (MA),MA,61,72,98.36,4,6,1,1,4,5,24,-19
2002,C,33,CFZ|DF,CFZ (DF),DF,61,73,95.08,10,6,3,1,2,8,9,-1
2002,C,34,YPIRANGA|AP,Ypiranga (AP),AP,61,74,91.8,9,6,3,0,3,3,9,-6
2002,C,35,PALMEIRAS|BA,Palmeiras (BA),BA,61,75,88.52,9,6,2,3,1,3,3,0
2002,C,36,RIO NEGRO|AM,Rio Negro (AM),AM,61,76,85.25,9,8,2,3,3,10,15,-5
2002,C,37,UBERLANDIA|MG,Uberlândia (MG),MG,61,77,81.97,8,8,2,2,2,12,11,1
2002,C,38,JI PARANA|RO,Ji-Paraná (RO),RO,61,78,78.69,8,8,2,2,4,6,11,-5
2002,C,39,COMERCIAL|SP,Comercial (SP),SP,61,79,75.41,7,6,1,4,1,6,5,1
2002,C,40,FERROVIARIA|SP,Ferroviária (SP),SP,61,80,72.13,7,6,1,4,1,4,6,-2
2002,C,41,CORINTHIANS|AL,Corinthians (AL),AL,61,81,68.85,6,6,1,3,2,5,5,0
2002,C,42,GOIANIA|GO,Goiânia (GO),GO,61,82,65.57,6,6,1,3,2,7,8,-1
2002,C,43,ATLETICO|PB,Atlético (PB),PB,61,83,62.3,6,6,1,3,2,7,9,-2
2002,C,44,INTERNACIONAL|SP,Internacional (SP),SP,61,84,59.02,6,6,1,3,2,7,10,-3
2002,C,45,PONTA GROSSA|PR,Ponta Grossa (PR),PR,61,85,55.74,6,6,1,3,2,6,9,-3
2002,C,46,VOLTA REDONDA|RJ,Volta Redonda (RJ),RJ,61,86,52.46,5,6,1,2,3,5,9,-4
2002,C,47,MARINGA|PR,Maringá (PR),PR,61,87,49.18,5,6,1,2,3,3,7,-4
2002,C,48,AGUIA DE MARABA|PA,Águia de Marabá (PA),PA,61,88,45.9,4,6,1,1,4,6,9,-3
2002,C,49,RIO BRANCO|ES,Rio Branco (ES),ES,61,89,42.62,4,4,1,1,2,2,5,-3
2002,C,50,AMERICA|RJ,América (RJ),RJ,61,90,39.34,4,6,0,4,2,6,9,-3
2002,C,51,UNIAO|MT,União (MT),MT,61,91,36.07,3,4,0,3,1,5,6,-1
2002,C,52,SAO GABRIEL|RS,São Gabriel (RS),RS,61,92,32.79,3,6,0,3,3,5,8,-3
2002,C,53,SERGIPE|SE,Sergipe (SE),SE,61,93,29.51,3,6,0,3,3,1,5,-4
2002,C,54,COLO COLO|BA,Colo-Colo (BA),BA,61,94,26.23,3,6,0,3,3,3,8,-5
2002,C,55,ANDIRA|AP,Andirá (AP),AP,61,95,22.95,3,8,0,3,5,8,16,-8
2002,C,56,MARANHAO|MA,Maranhão (MA),MA,61,96,19.67,2,4,0,2,2,2,5,-3
2002,C,57,BOTAFOGO|PB,Botafogo (PB),PB,61,97,16.39,2,6,0,2,4,8,14,-6
2002,C,58,TUBARAO|SC,Tubarão (SC),SC,61,98,13.11,2,6,0,2,4,5,11,-6
2002,C,59,IMPERATRIZ|MA,Imperatriz (MA),MA,61,99,9.84,1,4,0,1,3,3,9,-6
2002,C,60,SANTO ANDRE|SP,Santo André (SP),SP,61,100,6.56,0,6,0,0,6,0,11,-11
2002,C,61,GREMIO INHUMENSE|GO,Grêmio Inhumense (GO),GO,61,101,3.28,0,6,0,0,6,5,17,-12
2003,A,1,CRUZEIRO|MG,Cruzeiro (MG),MG,24,1,400.0,100,46,31,7,8,102,47,55
2003,A,2,SANTOS|SP,Santos (SP),SP,24,2,383.33,87,46,25,12,9,93,60,33
2003,A,3,SAO PAULO|SP,São Paulo (SP),SP,24,3,366.67,78,46,22,12,12,81,67,14
2003,A,4,SAO CAETANO|SP,São Caetano (SP),SP,24,4,350.0,74,46,19,14,13,53,37,16
2003,A,5,CORITIBA|PR,Coritiba (PR),PR,24,5,333.33,73,46,21,10,15,67,58,9
2003,A,6,INTERNACIONAL|RS,Internacional (RS),RS,24,6,316.67,72,46,20,10,16,59,57,2
2003,A,7,ATLETICO|MG,Atlético (MG),MG,24,7,300.0,72,46,19,15,12,76,62,14
2003,A,8,FLAMENGO|RJ,Flamengo (RJ),RJ,24,8,283.33,66,46,18,12,16,66,73,-7
2003,A,9,GOIAS|GO,Goiás (GO),GO,24,9,266.67,65,46,18,11,17,78,63,15
2003,A,10,PARANA|PR,Paraná (PR),PR,24,10,250.0,65,46,18,11,17,85,75,10
2003,A,11,FIGUEIRENSE|SC,Figueirense (SC),SC,24,11,233.33,65,46,17,14,15,62,54,8
2003,A,12,ATLETICO|PR,Athletico Paranaense (PR),PR,24,12,216.67,61,46,17,10,19,67,72,-5
2003,A,13,GUARANI|SP,Guarani (SP),SP,24,13,200.0,61,46,17,10,19,64,72,-8
2003,A,14,CRICIUMA|SC,Criciúma (SC),SC,24,14,183.33,60,46,17,9,20,57,69,-12
2003,A,15,CORINTHIANS|SP,Corinthians (SP),SP,24,15,166.67,59,46,15,12,19,61,63,-2
2003,A,16,VITORIA|BA,Vitória (BA),BA,24,16,150.0,56,46,15,11,20,50,64,-14
2003,A,17,VASCO|RJ,Vasco (RJ),RJ,24,17,133.33,54,46,13,15,18,57,69,-12
2003,A,18,JUVENTUDE|RS,Juventude (RS),RS,24,18,116.67,53,46,12,14,20,55,70,-15
2003,A,19,FLUMINENSE|RJ,Fluminense (RJ),RJ,24,19,100.0,52,46,13,11,22,52,77,-25
2003,A,20,GREMIO|RS,Grêmio (RS),RS,24,20,83.33,50,46,13,11,22,54,68,-14
2003,A,21,PONTE PRETA|SP,Ponte Preta (SP),SP,24,21,66.67,50,46,11,18,17,63,73,-10
2003,A,22,PAYSANDU|PA,Paysandu (PA),PA,24,22,50.0,49,46,15,12,19,74,77,-3
2003,A,23,FORTALEZA|CE,Fortaleza (CE),CE,24,23,33.33,49,46,12,13,21,58,74,-16
2003,A,24,BAHIA|BA,Bahia (BA),BA,24,24,16.67,46,46,12,10,24,59,92,-33
2003,B,1,PALMEIRAS|SP,Palmeiras (SP),SP,24,21,300.0,78,35,23,9,3,80,36,44
2003,B,2,BOTAFOGO|RJ,Botafogo (RJ),RJ,24,22,287.5,59,35,16,11,8,70,47,23
2003,B,3,SPORT|PE,Sport (PE),PE,24,23,275.0,50,35,12,14,9,49,38,11
2003,B,4,MARILIA|SP,Marília (SP),SP,24,24,262.5,50,35,12,14,9,46,40,6
2003,B,5,REMO|PA,Remo (PA),PA,24,25,250.0,44,29,12,8,9,51,47,4
2003,B,6,BRASILIENSE|DF,Brasiliense (DF),DF,24,26,237.5,44,29,11,11,7,40,34,6
2003,B,7,NAUTICO|PE,Náutico (PE),PE,24,27,225.0,42,29,13,6,10,52,42,10
2003,B,8,SANTA CRUZ|PE,Santa Cruz (PE),PE,24,28,212.5,39,29,11,6,12,42,49,-7
2003,B,9,PAULISTA|SP,Paulista (SP),SP,24,29,200.0,35,23,9,8,6,37,28,9
2003,B,10,LONDRINA|PR,Londrina (PR),PR,24,30,187.5,31,23,8,7,8,39,41,-2
2003,B,11,AVAI|SC,Avaí (SC),SC,24,31,175.0,30,23,8,6,9,23,29,-6
2003,B,12,PORTUGUESA|SP,Portuguesa (SP),SP,24,32,162.5,30,23,7,9,7,39,33,6
2003,B,13,CEARA|CE,Ceará (CE),CE,24,33,150.0,30,23,7,9,7,36,30,6
2003,B,14,JOINVILLE|SC,Joinville (SC),SC,24,34,137.5,30,23,7,6,10,35,41,-6
2003,B,15,AMERICA|RN,América (RN),RN,24,35,125.0,28,23,6,10,7,35,38,-3
2003,B,16,CRB|AL,CRB (AL),AL,24,36,112.5,27,23,7,6,10,27,36,-9
2003,B,17,ANAPOLINA|GO,Anapolina (GO),GO,24,37,100.0,27,23,7,6,10,30,43,-13
2003,B,18,MOGI MIRIM|SP,Mogi Mirim (SP),SP,24,38,87.5,26,23,7,5,11,28,43,-15
2003,B,19,VILA NOVA|GO,Vila Nova (GO),GO,24,39,75.0,26,23,6,8,9,32,39,-7
2003,B,20,SAO RAIMUNDO|AM,São Raimundo (AM),AM,24,40,62.5,26,23,6,8,9,26,31,-5
2003,B,21,CAXIAS|RS,Caxias (RS),RS,24,41,50.0,24,23,5,9,9,27,39,-12
2003,B,22,AMERICA|MG,América (MG),MG,24,42,37.5,24,23,4,12,7,35,38,-3
2003,B,23,GAMA|DF,Gama (DF),DF,24,43,25.0,19,23,3,10,10,28,42,-14
2003,B,24,UNIAO SAO JOAO|SP,União São João (SP),SP,24,44,12.5,16,23,4,4,15,22,44,-22
2003,C,1,ITUANO|SP,Ituano (SP),SP,93,41,200.0,32,18,10,2,6,27,23,4
2003,C,2,SANTO ANDRE|SP,Santo André (SP),SP,93,42,197.85,26,18,8,2,8,27,19,8
2003,C,3,BOTAFOGO|PB,Botafogo (PB),PB,93,43,195.7,33,18,10,3,5,34,25,9
2003,C,4,CAMPINENSE|PB,Campinense (PB),PB,93,44,193.55,30,18,10,0,8,27,16,11
2003,C,5,RS FUTEBOL|RS,Rs Futebol (RS),RS,93,45,191.4,29,14,9,2,3,25,15,10
2003,C,6,BRAGANTINO|SP,Bragantino (SP),SP,93,46,189.25,23,12,7,2,3,20,15,5
2003,C,7,PALMAS|TO,Palmas (TO),TO,93,47,187.1,21,12,6,3,3,22,21,1
2003,C,8,TUNA LUSO|PA,Tuna Luso (PA),PA,93,48,184.95,18,12,5,3,4,11,10,1
2003,C,9,CONFIANCA|SE,Confiança (SE),SE,93,49,182.8,21,12,7,0,5,13,14,-1
2003,C,10,CFZ|DF,CFZ (DF),DF,93,50,180.65,20,10,6,2,2,15,5,10
2003,C,11,TUPI|MG,Tupi (MG),MG,93,51,178.49,20,12,6,2,4,18,12,6
2003,C,12,IMPERATRIZ|MA,Imperatriz (MA),MA,93,52,176.34,20,10,6,2,2,15,10,5
2003,C,13,CABOFRIENSE|RJ,Cabofriense (RJ),RJ,93,53,174.19,18,12,6,3,3,17,12,5
2003,C,14,ITAPIPOCA|CE,Itapipoca (CE),CE,93,54,172.04,18,10,5,3,2,12,10,2
2003,C,15,AMERICANO|RJ,Americano (RJ),RJ,93,55,169.89,22,10,7,1,2,19,12,7
2003,C,16,OLARIA|RJ,Olaria (RJ),RJ,93,56,167.74,20,10,6,2,2,13,9,4
2003,C,17,RIO BRANCO|AC,Rio Branco (AC),AC,93,57,165.59,18,10,5,3,2,13,10,3
2003,C,18,VIANA|MA,Viana (MA),MA,93,58,163.44,15,8,4,3,1,9,6,3
2003,C,19,CENE|MS,CENE (MS),MS,93,59,161.29,15,10,4,3,3,8,8,0
2003,C,20,PELOTAS|RS,Pelotas (RS),RS,93,60,159.14,15,10,4,3,3,10,12,-2
2003,C,21,U BANDEIRANTE|PR,U Bandeirante (PR),PR,93,61,156.99,14,10,4,2,4,10,10,0
2003,C,22,BOTAFOGO|SP,Botafogo (SP),SP,93,62,154.84,12,8,3,3,2,7,9,-2
2003,C,23,SERGIPE|SE,Sergipe (SE),SE,93,63,152.69,11,8,3,2,3,12,11,1
2003,C,24,ITUIUTABA|MG,Ituiutaba (MG),MG,93,64,150.54,11,8,3,2,3,9,11,-2
2003,C,25,GUARANY|CE,Guarany (CE),CE,93,65,148.39,11,8,2,5,1,10,8,2
2003,C,26,RIO BRANCO|MG,Rio Branco (MG),MG,93,66,146.24,10,8,3,1,4,11,9,2
2003,C,27,CHAPADAO|MS,Chapadão (MS),MS,93,67,144.09,10,8,2,4,2,7,6,1
2003,C,28,ASA|AL,ASA (AL),AL,93,68,141.94,9,8,2,3,4,7,9,-2
2003,C,29,JUAZEIRO|BA,Juazeiro (BA),BA,93,69,139.78,15,8,5,0,3,12,6,6
2003,C,30,NACIONAL|AM,Nacional (AM),AM,93,70,137.63,15,8,4,3,1,11,6,5
2003,C,31,UNIAO BARBARENSE|SP,União Barbarense (SP),SP,93,71,135.48,15,8,4,3,1,11,7,4
2003,C,32,IPATINGA|MG,Ipatinga (MG),MG,93,72,133.33,14,8,4,2,2,11,6,5
2003,C,33,ESTRELA DO NORTE|ES,Estrela do Norte (ES),ES,93,73,131.18,14,8,4,2,2,8,9,-1
2003,C,34,GOYTACAZ|RJ,Goytacaz (RJ),RJ,93,74,129.03,13,8,4,1,3,9,7,2
2003,C,35,SOUSA|PB,Sousa (PB),PB,93,75,126.88,12,6,4,0,2,7,7,0
2003,C,36,SERTAOZINHO|SP,Sertãozinho (SP),SP,93,76,124.73,11,6,3,1,2,6,4,2
2003,C,37,MACAE|RJ,Macaé (RJ),RJ,93,77,122.58,11,8,3,2,3,9,9,0
2003,C,38,COMERCIAL|MS,Comercial (MS),MS,93,78,120.43,11,8,3,2,3,6,10,-4
2003,C,39,FLAMENGO|PI,Flamengo (PI),PI,93,79,118.28,10,6,3,1,2,10,6,4
2003,C,40,TOCANTINOPOLIS|TO,Tocantinópolis (TO),TO,93,80,116.13,10,6,3,1,2,13,11,2
2003,C,41,ATLETICO SOROCABA|SP,Atlético Sorocaba (SP),SP,93,81,113.98,10,6,3,1,2,6,4,2
2003,C,42,CUIABA|MT,Cuiabá (MT),MT,93,82,111.83,10,6,3,1,2,10,9,1
2003,C,43,INTERNACIONAL|SP,Internacional (SP),SP,93,83,109.68,10,6,3,1,2,6,5,1
2003,C,44,TREZE|PB,Treze (PB),PB,93,84,107.53,10,6,3,1,2,6,9,-3
2003,C,45,RORAIMA|RR,Roraima (RR),RR,93,85,105.38,9,6,3,0,3,10,10,0
2003,C,46,CAXIAS|SC,Caxias (SC),SC,93,86,103.23,9,6,2,3,1,11,10,1
2003,C,47,FRIBURGUENSE|RJ,Friburguense (RJ),RJ,93,87,101.08,8,6,2,2,2,6,5,1
2003,C,48,ATLETICO|GO,Atlético (GO),GO,93,88,98.92,8,6,2,2,2,9,9,0
2003,C,49,CHAPADINHA|MA,Chapadinha (MA),MA,93,89,96.77,8,6,2,2,2,5,5,0
2003,C,50,ABC|RN,ABC (RN),RN,93,90,94.62,8,6,2,2,2,6,7,-1
2003,C,51,RIVER|PI,Ríver (PI),PI,93,91,92.47,7,6,2,1,3,5,4,1
2003,C,52,UBERLANDIA|MG,Uberlândia (MG),MG,93,92,90.32,7,6,2,1,3,4,9,-5
2003,C,53,VOLTA REDONDA|RJ,Volta Redonda (RJ),RJ,93,93,88.17,6,6,1,3,2,7,5,2
2003,C,54,CSA|AL,CSA (AL),AL,93,94,86.02,6,6,1,3,2,11,12,-1
2003,C,55,SAMPAIO CORREA|MA,Sampaio Corrêa (MA),MA,93,95,83.87,5,6,1,2,3,4,7,-3
2003,C,56,ULBRA|RS,Ulbra (RS),RS,93,96,81.72,4,6,0,4,2,5,7,-2
2003,C,57,RIO BRANCO|ES,Rio Branco (ES),ES,93,97,79.57,10,6,3,1,2,8,8,0
2003,C,58,OPERARIO|MS,Operário (MS),MS,93,98,77.42,8,6,2,2,2,6,5,1
2003,C,59,PORTUGUESA|RJ,Portuguesa (RJ),RJ,93,99,75.27,8,6,2,2,2,10,10,0
2003,C,60,DESPORTIVA|ES,Desportiva (ES),ES,93,100,73.12,7,6,2,1,3,9,9,0
2003,C,61,ITABAIANA|SE,Itabaiana (SE),SE,93,101,70.97,7,6,2,1,3,6,6,0
2003,C,62,AMERICA|RJ,América (RJ),RJ,93,102,68.82,7,6,2,1,3,5,7,-2
2003,C,63,SAO JOSE PA|RS,São José-Pa (RS),RS,93,103,66.67,7,6,2,1,3,5,7,-2
2003,C,64,MARINGA|PR,Maringá (PR),PR,93,104,64.52,5,6,1,2,3,7,8,-1
2003,C,65,CENTRAL|PE,Central (PE),PE,93,105,62.37,4,4,1,1,2,6,5,1
2003,C,66,TAVEIROPOLIS|MS,Taveirópolis (MS),MS,93,106,60.22,4,6,1,1,4,9,9,0
2003,C,67,CATUENSE|BA,Catuense (BA),BA,93,107,58.06,4,4,1,1,2,6,7,-1
2003,C,68,SAO GONCALO|RN,São Gonçalo (RN),RN,93,108,55.91,4,4,1,1,2,4,5,-1
2003,C,69,XV DE PIRACICABA|SP,XV de Piracicaba (SP),SP,93,109,53.76,4,4,1,1,2,2,3,-1
2003,C,70,GREMIO JACIARA|MT,Grêmio Jaciara (MT),MT,93,110,51.61,4,4,1,1,2,5,7,-2
2003,C,71,UBERABA|MG,Uberaba (MG),MG,93,111,49.46,4,4,1,1,2,2,4,-2
2003,C,72,SANTA INES|MA,Santa Inês (MA),MA,93,112,47.31,4,4,1,1,2,4,6,-2
2003,C,73,RIO NEGRO|AM,Rio Negro (AM),AM,93,113,45.16,4,6,1,1,4,10,13,-3
2003,C,74,RIO BRANCO|SP,Rio Branco (SP),SP,93,114,43.01,4,4,1,1,2,2,5,-3
2003,C,75,IRATY|PR,Iraty (PR),PR,93,115,40.86,4,6,1,1,4,5,9,-4
2003,C,76,CFA|RO,CFA (RO),RO,93,116,38.71,4,6,1,1,4,5,11,-6
2003,C,77,LAGARTENSE|SE,Lagartense (SE),SE,93,117,36.56,4,6,1,1,4,4,11,-7
2003,C,78,FRANCANA|SP,Francana (SP),SP,93,118,34.41,3,4,1,0,3,3,4,-1
2003,C,79,PORT SANTISTA|SP,Port Santista (SP),SP,93,119,32.26,3,4,1,0,3,1,7,-6
2003,C,80,CAXIENSE|MA,Caxiense (MA),MA,93,120,30.11,3,4,1,0,3,1,8,-7
2003,C,81,MARCILIO DIAS|SC,Marcílio Dias (SC),SC,93,121,27.96,3,4,0,3,1,3,4,-1
2003,C,82,BANGU|RJ,Bangu (RJ),RJ,93,122,25.81,3,6,0,3,3,4,8,-4
2003,C,83,SERRA|ES,Serra (ES),ES,93,123,23.66,3,6,0,3,3,2,8,-6
2003,C,84,COMERCIAL|SP,Comercial (SP),SP,93,124,21.51,2,4,0,2,2,4,6,-2
2003,C,85,FERROVIARIO|CE,Ferroviário (CE),CE,93,125,19.35,2,4,0,2,2,4,6,-2
2003,C,86,ANAPOLIS|GO,Anápolis (GO),GO,93,126,17.2,2,4,0,2,2,7,10,-3
2003,C,87,BRASIL|RS,Brasil (RS),RS,93,127,15.05,2,6,0,2,4,7,12,-5
2003,C,88,YPIRANGA|AP,Ypiranga (AP),AP,93,128,12.9,1,4,0,1,3,4,8,-4
2003,C,89,GOIATUBA|GO,Goiatuba (GO),GO,93,129,10.75,1,4,0,1,3,3,7,-4
2003,C,90,VILLA NOVA|MG,Villa Nova (MG),MG,93,130,8.6,1,6,0,1,5,2,11,-9
2003,C,91,MARANHAO|MA,Maranhão (MA),MA,93,131,6.45,0,4,0,0,4,1,5,-4
2003,C,92,CORINTHIANS|AL,Corinthians (AL),AL,93,132,4.3,0,4,0,0,4,1,6,-5
2003,C,93,RIO BRANCO|RJ,Rio Branco (RJ),RJ,93,133,2.15,0,6,0,0,6,5,15,-10
2004,A,1,SANTOS|SP,Santos (SP),SP,24,1,400.0,89,46,27,8,11,103,58,45
2004,A,2,ATLETICO|PR,Athletico Paranaense (PR),PR,24,2,383.33,86,46,25,11,10,93,56,37
2004,A,3,SAO PAULO|SP,São Paulo (SP),SP,24,3,366.67,82,46,24,10,12,78,43,35
2004,A,4,PALMEIRAS|SP,Palmeiras (SP),SP,24,4,350.0,79,46,22,13,11,72,47,25
2004,A,5,CORINTHIANS|SP,Corinthians (SP),SP,24,5,333.33,74,46,20,14,12,53,53,0
2004,A,6,GOIAS|GO,Goiás (GO),GO,24,6,316.67,72,46,21,9,16,81,68,13
2004,A,7,JUVENTUDE|RS,Juventude (RS),RS,24,7,300.0,70,46,20,10,16,60,66,-6
2004,A,8,INTERNACIONAL|RS,Internacional (RS),RS,24,8,283.33,67,46,20,7,19,66,59,7
2004,A,9,FLUMINENSE|RJ,Fluminense (RJ),RJ,24,9,266.67,67,46,18,13,15,65,68,-3
2004,A,10,PONTE PRETA|SP,Ponte Preta (SP),SP,24,10,250.0,64,46,19,7,20,43,73,-30
2004,A,11,FIGUEIRENSE|SC,Figueirense (SC),SC,24,11,233.33,63,46,17,12,17,57,59,-2
2004,A,12,CORITIBA|PR,Coritiba (PR),PR,24,12,216.67,62,46,15,17,14,53,48,5
2004,A,13,CRUZEIRO|MG,Cruzeiro (MG),MG,24,13,200.0,56,46,16,8,22,69,81,-12
2004,A,14,PAYSANDU|PA,Paysandu (PA),PA,24,14,183.33,56,46,14,14,18,56,76,-20
2004,A,15,PARANA|PR,Paraná (PR),PR,24,15,166.67,54,46,15,9,22,52,73,-21
2004,A,16,VASCO|RJ,Vasco (RJ),RJ,24,16,150.0,54,46,14,12,20,64,68,-4
2004,A,17,FLAMENGO|RJ,Flamengo (RJ),RJ,24,17,133.33,54,46,13,15,18,51,53,-2
2004,A,18,SAO CAETANO|SP,São Caetano (SP),SP,24,18,116.67,53,46,23,8,15,65,49,16
2004,A,19,ATLETICO|MG,Atlético (MG),MG,24,19,100.0,53,46,12,17,17,60,66,-6
2004,A,20,BOTAFOGO|RJ,Botafogo (RJ),RJ,24,20,83.33,51,46,11,18,17,62,71,-9
2004,A,21,CRICIUMA|SC,Criciúma (SC),SC,24,21,66.67,50,46,13,11,22,61,78,-17
2004,A,22,GUARANI|SP,Guarani (SP),SP,24,22,50.0,49,46,11,16,19,43,55,-12
2004,A,23,VITORIA|BA,Vitória (BA),BA,24,23,33.33,48,46,13,9,24,68,87,-19
2004,A,24,GREMIO|RS,Grêmio (RS),RS,24,24,16.67,39,46,9,12,25,60,80,-20
2004,B,1,BRASILIENSE|DF,Brasiliense (DF),DF,24,21,300.0,66,35,19,9,7,57,33,24
2004,B,2,FORTALEZA|CE,Fortaleza (CE),CE,24,22,287.5,55,35,15,10,10,55,40,15
2004,B,3,BAHIA|BA,Bahia (BA),BA,24,23,275.0,62,35,18,7,10,53,38,15
2004,B,4,AVAI|SC,Avaí (SC),SC,24,24,262.5,54,35,15,9,11,38,39,-1
2004,B,5,NAUTICO|PE,Náutico (PE),PE,24,25,250.0,51,29,16,4,9,53,33,20
2004,B,6,ITUANO|SP,Ituano (SP),SP,24,26,237.5,50,29,14,8,7,48,29,19
2004,B,7,SANTA CRUZ|PE,Santa Cruz (PE),PE,24,27,225.0,42,29,11,9,9,43,32,11
2004,B,8,MARILIA|SP,Marília (SP),SP,24,28,212.5,40,29,11,7,11,42,39,3
2004,B,9,PAULISTA|SP,Paulista (SP),SP,24,29,200.0,35,23,10,5,8,32,32,0
2004,B,10,CAXIAS|RS,Caxias (RS),RS,24,30,187.5,34,23,10,4,9,30,32,-2
2004,B,11,PORTUGUESA|SP,Portuguesa (SP),SP,24,31,175.0,31,23,8,7,8,31,31,0
2004,B,12,CEARA|CE,Ceará (CE),CE,24,32,162.5,30,23,9,3,11,30,33,-3
2004,B,13,ANAPOLINA|GO,Anapolina (GO),GO,24,33,150.0,30,23,9,3,11,25,29,-4
2004,B,14,SANTO ANDRE|SP,Santo André (SP),SP,24,34,137.5,29,23,12,5,6,38,28,10
2004,B,15,CRB|AL,CRB (AL),AL,24,35,125.0,29,23,7,8,8,32,33,-1
2004,B,16,SAO RAIMUNDO|AM,São Raimundo (AM),AM,24,36,112.5,28,23,8,4,11,31,36,-5
2004,B,17,SPORT|PE,Sport (PE),PE,24,37,100.0,28,23,7,7,9,24,31,-7
2004,B,18,VILA NOVA|GO,Vila Nova (GO),GO,24,38,87.5,27,23,7,6,10,34,38,-4
2004,B,19,AMERICA|RN,América (RN),RN,24,39,75.0,26,23,7,5,11,22,36,-14
2004,B,20,REMO|PA,Remo (PA),PA,24,40,62.5,25,23,5,10,8,30,40,-10
2004,B,21,AMERICA|MG,América (MG),MG,24,41,50.0,23,23,6,5,12,25,40,-15
2004,B,22,JOINVILLE|SC,Joinville (SC),SC,24,42,37.5,18,23,6,0,17,24,42,-18
2004,B,23,MOGI MIRIM|SP,Mogi Mirim (SP),SP,24,43,25.0,18,23,2,12,9,26,38,-12
2004,B,24,LONDRINA|PR,Londrina (PR),PR,24,44,12.5,17,23,4,5,14,19,40,-21
2004,C,1,UNIAO BARBARENSE|SP,União Barbarense (SP),SP,60,41,200.0,42,18,13,3,2,29,13,16
2004,C,2,GAMA|DF,Gama (DF),DF,60,42,196.67,33,18,9,6,3,40,21,19
2004,C,3,AMERICANO|RJ,Americano (RJ),RJ,60,43,193.33,28,18,8,4,6,21,12,9
2004,C,4,LIMOEIRO|CE,Limoeiro (CE),CE,60,44,190.0,27,18,8,3,7,28,30,-2
2004,C,5,IRATY|PR,Iraty (PR),PR,60,45,186.67,21,12,6,3,3,14,9,5
2004,C,6,VILLA NOVA|MG,Villa Nova (MG),MG,60,46,183.33,19,12,6,1,5,14,10,4
2004,C,7,TREZE|PB,Treze (PB),PB,60,47,180.0,19,12,5,4,3,15,12,3
2004,C,8,RIO BRANCO|AC,Rio Branco (AC),AC,60,48,176.67,14,11,4,2,5,20,18,2
2004,C,9,PORTO|PE,Porto (PE),PE,60,49,173.33,22,10,7,1,2,20,10,10
2004,C,10,GREMIO COARIENSE|AM,Grêmio Coariense (AM),AM,60,50,170.0,20,9,6,2,1,17,11,6
2004,C,11,CRAC|GO,CRAC (GO),GO,60,51,166.67,17,10,4,5,1,13,10,3
2004,C,12,CONFIANCA|SE,Confiança (SE),SE,60,52,163.33,16,10,5,1,4,10,10,0
2004,C,13,PALMAS|TO,Palmas (TO),TO,60,53,160.0,16,10,4,4,2,15,15,0
2004,C,14,SAMPAIO CORREA|MA,Sampaio Corrêa (MA),MA,60,54,156.67,15,10,4,3,3,14,13,1
2004,C,15,ATLETICO|SC,Atlético (SC),SC,60,55,153.33,14,10,3,5,2,12,8,4
2004,C,16,RIO BRANCO|SP,Rio Branco (SP),SP,60,56,150.0,10,10,2,4,4,9,12,-3
2004,C,17,ATLETICO SOROCABA|SP,Atlético Sorocaba (SP),SP,60,57,146.67,19,8,6,1,1,13,7,6
2004,C,18,NOVO HAMBURGO|RS,Novo Hamburgo (RS),RS,60,58,143.33,15,8,5,0,3,11,9,2
2004,C,19,SERRA|ES,Serra (ES),ES,60,59,140.0,14,8,4,2,2,14,12,2
2004,C,20,ULBRA|RS,Ulbra (RS),RS,60,60,136.67,14,8,4,2,2,11,9,2
2004,C,21,PORT SANTISTA|SP,Port Santista (SP),SP,60,61,133.33,13,8,4,1,2,8,9,-1
2004,C,22,CENE|MS,CENE (MS),MS,60,62,130.0,12,8,3,3,2,14,10,4
2004,C,23,ITACURUBA|PE,Itacuruba (PE),PE,60,63,126.67,12,8,3,3,2,9,11,-2
2004,C,24,SERGIPE|SE,Sergipe (SE),SE,60,64,123.33,11,8,3,2,3,5,5,0
2004,C,25,CEILANDIA|DF,Ceilândia (DF),DF,60,65,120.0,11,8,3,2,3,10,11,-1
2004,C,26,MOTO CLUBE|MA,Moto Clube (MA),MA,60,66,116.67,10,8,3,1,4,17,16,1
2004,C,27,PARNAHYBA|PI,Parnahyba (PI),PI,60,67,113.33,10,8,2,4,2,7,8,-1
2004,C,28,UNIAO|MT,União (MT),MT,60,68,110.0,9,6,3,0,3,13,8,5
2004,C,29,CUIABA|MT,Cuiabá (MT),MT,60,69,106.67,9,6,3,0,3,9,9,0
2004,C,30,CAMPINENSE|PB,Campinense (PB),PB,60,70,103.33,9,8,2,3,3,9,11,-2
2004,C,31,TREM|AP,Trem (AP),AP,60,71,100.0,2,4,0,2,2,3,5,-2
2004,C,32,RORAIMA|RR,Roraima (RR),RR,60,72,96.67,2,4,0,2,2,2,9,-7
2004,C,33,CASTANHAL|PA,Castanhal (PA),PA,60,73,93.33,9,6,3,0,3,15,12,3
2004,C,34,ATLETICO|BA,Atlético (BA),BA,60,74,90.0,8,6,2,2,2,5,5,0
2004,C,35,FERROVIARIO|CE,Ferroviário (CE),CE,60,75,86.67,7,6,2,1,3,6,7,-1
2004,C,36,POTIGUAR|RN,Potiguar (RN),RN,60,76,83.33,7,6,2,1,3,5,7,-2
2004,C,37,TUPI|MG,Tupi (MG),MG,60,77,80.0,7,6,2,1,3,5,9,-4
2004,C,38,GURUPI|TO,Gurupi (TO),TO,60,78,76.67,7,6,2,1,3,4,8,-4
2004,C,39,TUNA LUSO|PA,Tuna Luso (PA),PA,60,79,73.33,7,6,2,1,3,8,15,-7
2004,C,40,NACIONAL|PR,Nacional (PR),PR,60,80,70.0,6,6,2,0,4,8,15,-7
2004,C,41,CFZ|DF,CFZ (DF),DF,60,81,66.67,6,6,1,3,2,7,7,0
2004,C,42,CATUENSE|BA,Catuense (BA),BA,60,82,63.33,6,6,1,3,2,2,3,-1
2004,C,43,PORTUGUESA|RJ,Portuguesa (RJ),RJ,60,83,60.0,6,6,1,3,2,3,5,-2
2004,C,44,FRIBURGUENSE|RJ,Friburguense (RJ),RJ,60,84,56.67,5,6,1,2,3,5,6,-1
2004,C,45,CORURIPE|AL,Coruripe (AL),AL,60,85,53.33,5,6,1,2,3,8,10,-2
2004,C,46,BARAUNAS|RN,Baraúnas (RN),RN,60,86,50.0,5,6,1,2,3,7,9,-2
2004,C,47,IPATINGA|MG,Ipatinga (MG),MG,60,87,46.67,5,6,1,2,3,6,8,-2
2004,C,48,CIANORTE|PR,Cianorte (PR),PR,60,88,43.33,5,6,1,2,3,5,7,-2
2004,C,49,CORINTHIANS|AL,Corinthians (AL),AL,60,89,40.0,5,6,1,2,3,8,11,-3
2004,C,50,AMERICA|SP,América (SP),SP,60,90,36.67,5,6,1,2,3,4,7,-3
2004,C,51,ESPORTIVO|RS,Esportivo (RS),RS,60,91,33.33,5,6,1,2,3,9,12,-3
2004,C,52,ESTRELA DO NORTE|ES,Estrela do Norte (ES),ES,60,92,30.0,5,6,1,2,3,6,10,-4
2004,C,53,RIVER|PI,Ríver (PI),PI,60,93,26.67,5,6,1,2,3,5,9,-4
2004,C,54,CHAPADAO|MS,Chapadão (MS),MS,60,94,23.33,5,6,1,2,3,4,8,-4
2004,C,55,JATAIENSE|GO,Jataiense (GO),GO,60,95,20.0,5,6,1,2,3,5,12,-7
2004,C,56,LAGES|SC,Lages (SC),SC,60,96,16.67,4,6,1,1,4,8,10,-2
2004,C,57,UNIAO SAO JOAO|SP,União São João (SP),SP,60,97,13.33,4,6,0,4,2,3,5,-2
2004,C,58,NACIONAL|AM,Nacional (AM),AM,60,98,10.0,3,4,0,3,1,6,7,-1
2004,C,59,AMERICA|RJ,América (RJ),RJ,60,99,6.67,1,6,0,1,5,1,6,-5
2004,C,60,JI PARANA|RO,Ji-Paraná (RO),RO,60,100,3.33,0,4,0,0,4,0,11,-11
2005,A,1,CORINTHIANS|SP,Corinthians (SP),SP,22,1,400.0,81,42,24,9,9,87,59,28
2005,A,2,INTERNACIONAL|RS,Internacional (RS),RS,22,2,381.82,78,42,23,9,10,72,49,23
2005,A,3,GOIAS|GO,Goiás (GO),GO,22,3,363.64,74,42,22,8,12,68,51,17
2005,A,4,PALMEIRAS|SP,Palmeiras (SP),SP,22,4,345.45,70,42,20,10,12,81,65,16
2005,A,5,FLUMINENSE|RJ,Fluminense (RJ),RJ,22,5,327.27,68,42,19,11,12,79,70,9
2005,A,6,ATLETICO|PR,Athletico Paranaense (PR),PR,22,6,309.09,61,42,18,7,17,76,67,9
2005,A,7,PARANA|PR,Paraná (PR),PR,22,7,290.91,61,42,17,10,15,59,51,8
2005,A,8,CRUZEIRO|MG,Cruzeiro (MG),MG,22,8,272.73,60,42,17,9,16,73,72,1
2005,A,9,BOTAFOGO|RJ,Botafogo (RJ),RJ,22,9,254.55,59,42,17,8,17,57,56,1
2005,A,10,SANTOS|SP,Santos (SP),SP,22,10,236.36,59,42,16,11,15,68,71,-3
2005,A,11,SAO PAULO|SP,São Paulo (SP),SP,22,11,218.18,58,42,16,10,16,77,67,10
2005,A,12,VASCO|RJ,Vasco (RJ),RJ,22,12,200.0,56,42,15,11,16,74,84,-10
2005,A,13,FORTALEZA|CE,Fortaleza (CE),CE,22,13,181.82,55,42,16,7,19,58,64,-6
2005,A,14,JUVENTUDE|RS,Juventude (RS),RS,22,14,163.64,55,42,15,10,17,66,72,-6
2005,A,15,FLAMENGO|RJ,Flamengo (RJ),RJ,22,15,145.45,55,42,14,13,15,56,60,-4
2005,A,16,FIGUEIRENSE|SC,Figueirense (SC),SC,22,16,127.27,53,42,14,11,17,65,72,-7
2005,A,17,SAO CAETANO|SP,São Caetano (SP),SP,22,17,109.09,52,42,14,10,18,54,60,-6
2005,A,18,PONTE PRETA|SP,Ponte Preta (SP),SP,22,18,90.91,51,42,15,6,21,63,80,-17
2005,A,19,CORITIBA|PR,Coritiba (PR),PR,22,19,72.73,49,42,13,10,19,51,60,-9
2005,A,20,ATLETICO|MG,Atlético (MG),MG,22,20,54.55,47,42,13,8,21,54,59,-5
2005,A,21,PAYSANDU|PA,Paysandu (PA),PA,22,21,36.36,41,42,12,5,25,63,92,-29
2005,A,22,BRASILIENSE|DF,Brasiliense (DF),DF,22,22,18.18,41,42,10,11,21,47,67,-20
2005,B,1,GREMIO|RS,Grêmio (RS),RS,22,21,300.0,59,33,16,11,6,48,34,14
2005,B,2,SANTA CRUZ|PE,Santa Cruz (PE),PE,22,22,286.36,64,33,19,7,7,52,34,18
2005,B,3,NAUTICO|PE,Náutico (PE),PE,22,23,272.73,51,33,16,3,14,54,47,7
2005,B,4,PORTUGUESA|SP,Portuguesa (SP),SP,22,24,259.09,49,33,14,7,12,51,45,6
2005,B,5,MARILIA|SP,Marília (SP),SP,22,25,245.45,44,27,14,2,11,48,41,7
2005,B,6,SANTO ANDRE|SP,Santo André (SP),SP,22,26,231.82,44,27,13,5,9,41,30,11
2005,B,7,GUARANI|SP,Guarani (SP),SP,22,27,218.18,39,27,11,6,10,36,33,3
2005,B,8,AVAI|SC,Avaí (SC),SC,22,28,204.55,32,27,10,2,15,37,45,-8
2005,B,9,VILA NOVA|GO,Vila Nova (GO),GO,22,29,190.91,32,21,10,2,9,28,29,-1
2005,B,10,ITUANO|SP,Ituano (SP),SP,22,30,177.27,31,21,9,4,8,33,26,7
2005,B,11,CEARA|CE,Ceará (CE),CE,22,31,163.64,29,21,8,5,8,27,22,5
2005,B,12,CRB|AL,CRB (AL),AL,22,32,150.0,29,21,8,5,8,28,37,-9
2005,B,13,GAMA|DF,Gama (DF),DF,22,33,136.36,28,21,8,4,9,28,33,-5
2005,B,14,SAO RAIMUNDO|AM,São Raimundo (AM),AM,22,34,122.73,28,21,8,4,9,22,28,-6
2005,B,15,PAULISTA|SP,Paulista (SP),SP,22,35,109.09,28,21,7,7,7,39,35,4
2005,B,16,SPORT|PE,Sport (PE),PE,22,36,95.45,27,21,8,3,10,29,32,-3
2005,B,17,VITORIA|BA,Vitória (BA),BA,22,37,81.82,27,21,7,6,8,35,35,0
2005,B,18,BAHIA|BA,Bahia (BA),BA,22,38,68.18,25,21,7,4,10,28,33,-5
2005,B,19,ANAPOLINA|GO,Anapolina (GO),GO,22,39,54.55,25,21,7,4,10,25,31,-6
2005,B,20,U BARBARENSE|SP,U Barbarense (SP),SP,22,40,40.91,24,21,6,6,9,20,24,-4
2005,B,21,CRICIUMA|SC,Criciúma (SC),SC,22,41,27.27,19,21,6,1,14,24,45,-21
2005,B,22,CAXIAS|RS,Caxias (RS),RS,22,42,13.64,16,21,4,4,13,19,33,-14
2005,C,1,REMO|PA,Remo (PA),PA,63,41,200.0,34,18,10,4,4,31,19,12
2005,C,2,AMERICA|RN,América (RN),RN,63,42,196.83,30,18,9,3,6,29,20,9
2005,C,3,IPATINGA|MG,Ipatinga (MG),MG,63,43,193.65,31,18,8,7,3,33,20,13
2005,C,4,NOVO HAMBURGO|RS,Novo Hamburgo (RS),RS,63,44,190.48,26,18,7,5,6,25,22,3
2005,C,5,TREZE|PB,Treze (PB),PB,63,45,187.3,23,12,7,2,3,22,15,7
2005,C,6,VILLA NOVA|MG,Villa Nova (MG),MG,63,46,184.13,22,12,6,4,2,22,12,10
2005,C,7,CEILANDIA|DF,Ceilândia (DF),DF,63,47,180.95,21,12,6,3,3,19,11,8
2005,C,8,NACIONAL|AM,Nacional (AM),AM,63,48,177.78,20,10,6,2,2,21,15,6
2005,C,9,CORURIPE|AL,Coruripe (AL),AL,63,49,174.6,19,10,6,1,3,22,16,6
2005,C,10,VILA AURORA|MT,Vila Aurora (MT),MT,63,50,171.43,18,10,5,3,2,22,16,6
2005,C,11,JOINVILLE|SC,Joinville (SC),SC,63,51,168.25,17,10,5,1,4,13,8,5
2005,C,12,ABC|RN,ABC (RN),RN,63,52,165.08,15,10,4,3,3,10,9,1
2005,C,13,ABAETE|PA,Abaeté (PA),PA,63,53,161.9,14,10,4,2,4,13,11,2
2005,C,14,LONDRINA|PR,Londrina (PR),PR,63,54,158.73,14,10,4,2,4,12,11,1
2005,C,15,ATLETICO SOROCABA|SP,Atlético Sorocaba (SP),SP,63,55,155.56,12,10,3,3,3,17,18,-1
2005,C,16,RIO BRANCO|SP,Rio Branco (SP),SP,63,56,152.38,12,10,3,3,4,14,17,-3
2005,C,17,FERROVIARIO|CE,Ferroviário (CE),CE,63,57,149.21,16,8,5,1,2,18,12,6
2005,C,18,SERGIPE|SE,Sergipe (SE),SE,63,58,146.03,14,8,4,2,2,14,8,6
2005,C,19,MOTO CLUBE|MA,Moto Clube (MA),MA,63,59,142.86,14,8,4,2,2,9,6,3
2005,C,20,GLORIA|RS,Glória (RS),RS,63,60,139.68,14,8,4,2,2,9,8,1
2005,C,21,TOCANTINOPOLIS|TO,Tocantinópolis (TO),TO,63,61,136.51,13,8,4,1,3,13,11,2
2005,C,22,SERRA|ES,Serra (ES),ES,63,62,133.33,13,8,4,1,3,16,15,1
2005,C,23,PARANOA|DF,Paranoá (DF),DF,63,63,130.16,12,8,4,0,4,8,9,-1
2005,C,24,ICASA|CE,ICASA (CE),CE,63,64,126.98,12,8,4,0,4,12,14,-2
2005,C,25,CENE|MS,CENE (MS),MS,63,65,123.81,12,8,3,3,2,12,11,1
2005,C,26,VOLTA REDONDA|RJ,Volta Redonda (RJ),RJ,63,66,120.63,12,8,3,3,2,6,5,1
2005,C,27,ITABAIANA|SE,Itabaiana (SE),SE,63,67,117.46,11,8,3,2,3,8,11,-3
2005,C,28,MOGI MIRIM|SP,Mogi Mirim (SP),SP,63,68,114.29,11,8,2,5,1,13,10,3
2005,C,29,GAUCHO|RS,Gaúcho (RS),RS,63,69,111.11,10,8,3,1,4,6,8,-2
2005,C,30,SAO RAIMUNDO|PA,São Raimundo (PA),PA,63,70,107.94,9,8,2,3,3,15,14,1
2005,C,31,ITUIUTABA|MG,Ituiutaba (MG),MG,63,71,104.76,8,8,2,2,4,9,16,-7
2005,C,32,INDEPENDENCIA|AC,Independência (AC),AC,63,72,101.59,7,6,2,1,3,7,11,-4
2005,C,33,ADAP|PR,ADAP (PR),PR,63,73,98.41,9,6,3,0,3,5,8,-3
2005,C,34,MINEIROS|GO,Mineiros (GO),GO,63,74,95.24,9,6,2,3,1,5,4,1
2005,C,35,ATLETICO|SC,Atlético (SC),SC,63,75,92.06,8,6,2,2,2,5,4,1
2005,C,36,IPITANGA|BA,Ipitanga (BA),BA,63,76,88.89,8,6,2,2,2,9,9,0
2005,C,37,IMPERATRIZ|MA,Imperatriz (MA),MA,63,77,85.71,8,6,2,2,2,6,7,-1
2005,C,38,MADUREIRA|RJ,Madureira (RJ),RJ,63,78,82.54,8,6,2,2,2,6,8,-2
2005,C,39,AMERICANO|RJ,Americano (RJ),RJ,63,79,79.37,8,6,2,2,2,7,11,-4
2005,C,40,LUVERDENSE|MT,Luverdense (MT),MT,63,80,76.19,7,6,2,1,3,12,9,3
2005,C,41,UNIAO SAO JOAO|SP,União São João (SP),SP,63,81,73.02,7,6,2,1,3,14,13,1
2005,C,42,ASA|AL,ASA (AL),AL,63,82,69.84,7,6,2,1,3,5,7,-2
2005,C,43,SERRANO|PE,Serrano (PE),PE,63,83,66.67,7,6,2,1,3,5,8,-3
2005,C,44,AMERICA|SP,América (SP),SP,63,84,63.49,7,6,1,4,1,11,11,0
2005,C,45,NACIONAL|PB,Nacional (PB),PB,63,85,60.32,6,6,4,0,2,11,8,3
2005,C,46,PORT SANTISTA|SP,Port Santista (SP),SP,63,86,57.14,6,6,2,0,4,5,10,-5
2005,C,47,CABOFRIENSE|RJ,Cabofriense (RJ),RJ,63,87,53.97,6,6,1,3,2,4,5,-1
2005,C,48,AMERICA|MG,América (MG),MG,63,88,50.79,6,6,1,3,2,5,7,-2
2005,C,49,CIANORTE|PR,Cianorte (PR),PR,63,89,47.62,6,6,1,3,2,4,6,-2
2005,C,50,BARAUNAS|RN,Baraúnas (RN),RN,63,90,44.44,5,6,1,2,3,8,10,-2
2005,C,51,SAO JOSE|AP,São José (AP),AP,63,91,41.27,5,6,1,2,3,7,10,-3
2005,C,52,ESTRELA DO NORTE|ES,Estrela do Norte (ES),ES,63,92,38.1,5,6,1,2,3,6,9,-3
2005,C,53,G INHUMENSE|GO,G.Inhumense (GO),GO,63,93,34.92,5,6,1,2,3,8,12,-4
2005,C,54,JI PARANA|RO,Ji-Paraná (RO),RO,63,94,31.75,5,6,1,2,3,2,14,-12
2005,C,55,IRATY|PR,Iraty (PR),PR,63,95,28.57,4,6,1,1,4,5,9,-4
2005,C,56,MARCILIO DIAS|SC,Marcílio Dias (SC),SC,63,96,25.4,4,6,1,1,4,1,5,-4
2005,C,57,PARNAHYBA|PI,Parnahyba (PI),PI,63,97,22.22,4,6,1,1,4,9,14,-5
2005,C,58,PIAUI|PI,Piauí (PI),PI,63,98,19.05,4,6,1,1,4,1,6,-5
2005,C,59,SAO RAIMUNDO|RR,São Raimundo (RR),RR,63,99,15.87,4,6,1,1,4,6,13,-7
2005,C,60,GREMIO COARIENSE|AM,Grêmio Coariense (AM),AM,63,100,12.7,3,4,1,0,3,7,8,-1
2005,C,61,JUAZEIRO|BA,Juazeiro (BA),BA,63,101,9.52,3,6,1,0,5,5,13,-8
2005,C,62,OPERARIO|MS,Operário (MS),MS,63,102,6.35,3,6,0,3,3,5,10,-5
2005,C,63,VITORIA|PE,Vitória (PE),PE,63,103,3.17,0,6,0,0,6,5,17,-12
2006,A,1,SAO PAULO|SP,São Paulo (SP),SP,20,1,400.0,78,38,22,12,4,66,32,34
2006,A,2,INTERNACIONAL|RS,Internacional (RS),RS,20,2,380.0,69,38,20,9,9,52,36,16
2006,A,3,GREMIO|RS,Grêmio (RS),RS,20,3,360.0,67,38,20,7,11,64,45,19
2006,A,4,SANTOS|SP,Santos (SP),SP,20,4,340.0,64,38,18,10,10,58,36,22
2006,A,5,PARANA|PR,Paraná (PR),PR,20,5,320.0,60,38,18,6,14,56,49,7
2006,A,6,VASCO|RJ,Vasco (RJ),RJ,20,6,300.0,59,38,15,14,9,57,50,7
2006,A,7,FIGUEIRENSE|SC,Figueirense (SC),SC,20,7,280.0,57,38,15,12,11,52,44,8
2006,A,8,GOIAS|GO,Goiás (GO),GO,20,8,260.0,55,38,15,10,13,63,49,14
2006,A,9,CORINTHIANS|SP,Corinthians (SP),SP,20,9,240.0,53,38,15,8,15,41,46,-5
2006,A,10,CRUZEIRO|MG,Cruzeiro (MG),MG,20,10,220.0,53,38,14,11,13,52,45,7
2006,A,11,FLAMENGO|RJ,Flamengo (RJ),RJ,20,11,200.0,52,38,15,7,16,44,48,-4
2006,A,12,BOTAFOGO|RJ,Botafogo (RJ),RJ,20,12,180.0,51,38,13,12,13,52,50,2
2006,A,13,ATLETICO|PR,Athletico Paranaense (PR),PR,20,13,160.0,48,38,14,8,16,61,62,-1
2006,A,14,JUVENTUDE|RS,Juventude (RS),RS,20,14,140.0,47,38,13,8,17,44,54,-10
2006,A,15,FLUMINENSE|RJ,Fluminense (RJ),RJ,20,15,120.0,45,38,11,12,15,48,58,-10
2006,A,16,PALMEIRAS|SP,Palmeiras (SP),SP,20,16,100.0,44,38,12,8,18,58,70,-12
2006,A,17,PONTE PRETA|SP,Ponte Preta (SP),SP,20,17,80.0,39,38,10,9,19,45,65,-20
2006,A,18,FORTALEZA|CE,Fortaleza (CE),CE,20,18,60.0,38,38,8,14,16,39,62,-23
2006,A,19,SAO CAETANO|SP,São Caetano (SP),SP,20,19,40.0,36,38,9,9,20,37,53,-16
2006,A,20,SANTA CRUZ|PE,Santa Cruz (PE),PE,20,20,20.0,28,38,7,7,24,41,76,-35
2006,B,1,ATLETICO|MG,Atlético (MG),MG,20,21,300.0,71,38,20,11,7,70,39,31
2006,B,2,SPORT|PE,Sport (PE),PE,20,22,285.0,64,38,18,10,10,57,36,21
2006,B,3,NAUTICO|PE,Náutico (PE),PE,20,23,270.0,64,38,18,9,11,64,48,16
2006,B,4,AMERICA|RN,América (RN),RN,20,24,255.0,61,38,19,4,15,59,51,8
2006,B,5,PAULISTA|SP,Paulista (SP),SP,20,25,240.0,61,38,17,10,11,72,51,21
2006,B,6,CORITIBA|PR,Coritiba (PR),PR,20,26,225.0,59,38,16,11,11,64,51,13
2006,B,7,SANTO ANDRE|SP,Santo André (SP),SP,20,27,210.0,56,38,14,14,10,47,45,2
2006,B,8,BRASILIENSE|DF,Brasiliense (DF),DF,20,28,195.0,53,38,15,8,15,66,51,15
2006,B,9,MARILIA|SP,Marília (SP),SP,20,29,180.0,50,38,13,11,14,58,58,0
2006,B,10,ITUANO|SP,Ituano (SP),SP,20,30,165.0,50,38,12,14,12,49,48,1
2006,B,11,GAMA|DF,Gama (DF),DF,20,31,150.0,48,38,14,6,18,52,62,-10
2006,B,12,REMO|PA,Remo (PA),PA,20,32,135.0,46,38,13,7,18,50,60,-10
2006,B,13,AVAI|SC,Avaí (SC),SC,20,33,120.0,46,38,12,10,16,36,51,-15
2006,B,14,PORTUGUESA|SP,Portuguesa (SP),SP,20,34,105.0,45,38,11,12,15,47,58,-11
2006,B,15,CEARA|CE,Ceará (CE),CE,20,35,90.0,45,38,10,15,13,47,56,-9
2006,B,16,CRB|AL,CRB (AL),AL,20,36,75.0,44,38,12,8,18,61,67,-6
2006,B,17,PAYSANDU|PA,Paysandu (PA),PA,20,37,60.0,44,38,12,8,18,51,70,-19
2006,B,18,GUARANI|SP,Guarani (SP),SP,20,38,45.0,44,38,11,14,13,53,61,-8
2006,B,19,SAO RAIMUNDO|AM,São Raimundo (AM),AM,20,39,30.0,43,38,11,10,17,42,59,-17
2006,B,20,VILA NOVA|GO,Vila Nova (GO),GO,20,40,15.0,42,38,11,9,18,45,68,-23
2006,C,1,CRICIUMA|SC,Criciúma (SC),SC,63,41,200.0,64,32,19,7,6,64,33,31
2006,C,2,VITORIA|BA,Vitória (BA),BA,63,42,196.83,59,32,18,5,9,61,39,22
2006,C,3,IPATINGA|MG,Ipatinga (MG),MG,63,43,193.65,58,32,18,4,10,48,30,18
2006,C,4,BARUERI|SP,Barueri (SP),SP,63,44,190.48,60,32,21,3,10,55,42,13
2006,C,5,FERROVIARIO|CE,Ferroviário (CE),CE,63,45,187.3,48,32,14,6,12,49,52,-3
2006,C,6,BAHIA|BA,Bahia (BA),BA,63,46,184.13,52,32,16,4,12,50,49,1
2006,C,7,BRASIL|RS,Brasil (RS),RS,63,47,180.95,49,32,15,4,13,40,43,-3
2006,C,8,TREZE|PB,Treze (PB),PB,63,48,177.78,39,32,10,9,13,40,45,-5
2006,C,9,AMERICA|MG,América (MG),MG,63,49,174.6,33,18,10,3,5,32,17,15
2006,C,10,ANANINDEUA|PA,Ananindeua (PA),PA,63,50,171.43,31,18,10,4,4,38,20,18
2006,C,11,TUNA LUSO|PA,Tuna Luso (PA),PA,63,51,168.25,29,16,9,2,5,30,21,9
2006,C,12,RIVER|PI,Ríver (PI),PI,63,52,165.08,27,18,8,3,7,29,23,6
2006,C,13,NOROESTE|SP,Noroeste (SP),SP,63,53,161.9,26,18,7,5,6,24,21,3
2006,C,14,J MALUCELLI|PR,J.Malucelli (PR),PR,63,54,158.73,25,18,6,7,5,20,18,2
2006,C,15,ANAPOLINA|GO,Anapolina (GO),GO,63,55,155.56,23,18,5,8,5,26,23,3
2006,C,16,RIO NEGRO|AM,Rio Negro (AM),AM,63,56,152.38,12,16,3,3,10,13,31,-18
2006,C,17,JOINVILLE|SC,Joinville (SC),SC,63,57,149.21,20,12,6,2,4,20,14,6
2006,C,18,FAST CLUBE|AM,Fast Clube (AM),AM,63,58,146.03,20,12,6,2,4,17,11,6
2006,C,19,ITUIUTABA|MG,Ituiutaba (MG),MG,63,59,142.86,20,12,6,2,4,16,12,4
2006,C,20,AMERICANO|RJ,Americano (RJ),RJ,63,60,139.68,20,12,6,2,4,17,15,2
2006,C,21,CORURIPE|AL,Coruripe (AL),AL,63,61,136.51,18,12,5,3,4,17,17,0
2006,C,22,ICASA|CE,ICASA (CE),CE,63,62,133.33,18,12,4,6,2,23,18,5
2006,C,23,MARANHAO|MA,Maranhão (MA),MA,63,63,130.16,17,12,5,2,5,20,18,2
2006,C,24,CABOFRIENSE|RJ,Cabofriense (RJ),RJ,63,64,126.98,17,12,5,2,5,18,21,-3
2006,C,25,ATLETICO|GO,Atlético (GO),GO,63,65,123.81,16,12,4,4,4,13,13,0
2006,C,26,PORTO|PE,Porto (PE),PE,63,66,120.63,16,12,4,4,4,14,17,-3
2006,C,27,ULBRA|RS,Ulbra (RS),RS,63,67,117.46,16,12,3,7,2,11,12,-1
2006,C,28,MIXTO|MT,Mixto (MT),MT,63,68,114.29,15,12,3,6,3,10,14,-4
2006,C,29,JATAIENSE|GO,Jataiense (GO),GO,63,69,111.11,15,12,3,6,3,18,26,-8
2006,C,30,CONFIANCA|SE,Confiança (SE),SE,63,70,107.94,14,12,3,5,4,15,18,-3
2006,C,31,OPERARIO|MT,Operário (MT),MT,63,71,104.76,14,12,3,5,4,16,20,-4
2006,C,32,RIO BRANCO|SP,Rio Branco (SP),SP,63,72,101.59,13,12,3,4,5,15,13,2
2006,C,33,POTIGUAR|RN,Potiguar (RN),RN,63,73,98.41,8,6,2,2,2,6,3,3
2006,C,34,IMPERATRIZ|MA,Imperatriz (MA),MA,63,74,95.24,8,6,2,2,2,6,4,2
2006,C,35,CAXIAS|RS,Caxias (RS),RS,63,75,92.06,7,6,2,1,3,8,7,1
2006,C,36,MADUREIRA|RJ,Madureira (RJ),RJ,63,76,88.89,7,6,2,1,3,8,7,1
2006,C,37,PIRAMBU|SE,Pirambu (SE),SE,63,77,85.71,7,6,2,1,3,8,9,-1
2006,C,38,ARAGUAINA|TO,Araguaína (TO),TO,63,78,82.54,7,6,2,1,3,6,8,-2
2006,C,39,CHAPADAO|MS,Chapadão (MS),MS,63,79,79.37,7,6,2,1,3,3,5,-2
2006,C,40,NOVO HAMBURGO|RS,Novo Hamburgo (RS),RS,63,80,76.19,7,6,2,1,3,7,14,-7
2006,C,41,ADAP|PR,ADAP (PR),PR,63,81,73.02,7,6,1,4,1,4,5,-1
2006,C,42,CEILANDIA|DF,Ceilândia (DF),DF,63,82,69.84,6,6,2,0,4,5,9,-4
2006,C,43,ESTRELA DO NORTE|ES,Estrela do Norte (ES),ES,63,83,66.67,6,6,2,0,4,5,9,-4
2006,C,44,UNIAO BARBARENSE|SP,União Barbarense (SP),SP,63,84,63.49,6,6,2,0,4,5,15,-10
2006,C,46,CSA|AL,CSA (AL),AL,63,86,57.14,5,6,1,2,3,8,10,-2
2006,C,47,AMERICA|SP,América (SP),SP,63,87,53.97,5,6,1,2,3,4,7,-3
2006,C,48,BARAUNAS|RN,Baraúnas (RN),RN,63,88,50.79,5,6,1,2,3,8,12,-4
2006,C,49,COLO COLO|BA,Colo-Colo (BA),BA,63,89,47.62,5,6,1,2,3,8,12,-4
2006,C,50,AMAPA|AP,Amapá (AP),AP,63,90,44.44,5,6,1,2,3,7,11,-4
2006,C,51,SAO RAIMUNDO|RR,São Raimundo (RR),RR,63,91,41.27,5,6,1,2,3,5,9,-4
2006,C,52,JUVENTUS|SP,Juventus (SP),SP,63,92,38.1,4,6,1,1,4,7,9,-2
2006,C,53,BOTAFOGO|PB,Botafogo (PB),PB,63,93,34.92,4,6,1,1,4,8,12,-4
2006,C,54,VITORIA|ES,Vitória (ES),ES,63,94,31.75,4,6,1,1,4,5,9,-4
2006,C,55,IPITANGA|BA,Ipitanga (BA),BA,63,95,28.57,4,6,1,1,4,5,11,-6
2006,C,56,RIO BRANCO|PR,Rio Branco (PR),PR,63,96,25.4,4,6,1,1,4,3,10,-7
2006,C,57,LUZIANIA|DF,Luziânia (DF),DF,63,97,22.22,4,6,1,1,4,5,15,-10
2006,C,58,COXIM|MS,Coxim (MS),MS,63,98,19.05,4,6,0,4,2,4,7,-3
2006,C,59,ADESG|AC,ADESG (AC),AC,63,99,15.87,3,4,1,0,3,3,7,-4
2006,C,60,AMERICA|RJ,América (RJ),RJ,63,100,12.7,2,6,0,2,4,4,9,-5
2006,C,61,FLAMENGO|PI,Flamengo (PI),PI,63,101,9.52,2,6,0,2,4,3,15,-12
2006,C,62,ULBRA|RO,Ulbra (RO),RO,63,102,6.35,0,6,1,3,2,7,7,0
2006,C,63,MARCILIO DIAS|SC,Marcílio Dias (SC),SC,63,103,3.17,0,6,0,0,6,7,13,-6
2006,C,64,YPIRANGA|PE,Ypiranga (PE),PE,63,104,0.0,-1,6,1,2,3,6,11,-5
2007,A,1,SAO PAULO|SP,São Paulo (SP),SP,20,1,400.0,77,38,23,8,7,55,19,36
2007,A,2,SANTOS|SP,Santos (SP),SP,20,2,380.0,62,38,19,5,14,57,47,10
2007,A,3,FLAMENGO|RJ,Flamengo (RJ),RJ,20,3,360.0,61,38,17,10,11,55,49,6
2007,A,4,FLUMINENSE|RJ,Fluminense (RJ),RJ,20,4,340.0,61,38,16,13,9,57,39,18
2007,A,5,CRUZEIRO|MG,Cruzeiro (MG),MG,20,5,320.0,60,38,18,6,14,73,58,15
2007,A,6,GREMIO|RS,Grêmio (RS),RS,20,6,300.0,58,38,17,7,14,44,43,1
2007,A,7,PALMEIRAS|SP,Palmeiras (SP),SP,20,7,280.0,58,38,16,10,12,48,47,1
2007,A,8,ATLETICO|MG,Atlético (MG),MG,20,8,260.0,55,38,15,10,13,63,51,12
2007,A,9,BOTAFOGO|RJ,Botafogo (RJ),RJ,20,9,240.0,55,38,14,13,11,62,58,4
2007,A,10,VASCO|RJ,Vasco (RJ),RJ,20,10,220.0,54,38,15,9,14,58,47,11
2007,A,11,INTERNACIONAL|RS,Internacional (RS),RS,20,11,200.0,54,38,15,9,14,49,44,5
2007,A,12,ATLETICO|PR,Athletico Paranaense (PR),PR,20,12,180.0,54,38,14,12,12,51,50,1
2007,A,13,FIGUEIRENSE|SC,Figueirense (SC),SC,20,13,160.0,53,38,14,11,13,57,56,1
2007,A,14,SPORT|PE,Sport (PE),PE,20,14,140.0,51,38,14,9,15,54,55,-1
2007,A,15,NAUTICO|PE,Náutico (PE),PE,20,15,120.0,49,38,14,7,17,66,63,3
2007,A,16,GOIAS|GO,Goiás (GO),GO,20,16,100.0,45,38,13,6,19,49,62,-13
2007,A,17,CORINTHIANS|SP,Corinthians (SP),SP,20,17,80.0,44,38,10,14,14,40,50,-10
2007,A,18,JUVENTUDE|RS,Juventude (RS),RS,20,18,60.0,41,38,11,8,19,43,65,-22
2007,A,19,PARANA|PR,Paraná (PR),PR,20,19,40.0,41,38,11,8,19,42,64,-22
2007,A,20,AMERICA|RN,América (RN),RN,20,20,20.0,17,38,4,5,29,24,80,-56
2007,B,1,CORITIBA|PR,Coritiba (PR),PR,20,21,300.0,69,38,21,6,11,54,41,13
2007,B,2,IPATINGA|MG,Ipatinga (MG),MG,20,22,285.0,67,38,20,7,11,60,41,19
2007,B,3,PORTUGUESA|SP,Portuguesa (SP),SP,20,23,270.0,63,38,17,12,9,63,46,17
2007,B,4,VITORIA|BA,Vitória (BA),BA,20,24,255.0,59,38,18,5,15,68,50,18
2007,B,5,FORTALEZA|CE,Fortaleza (CE),CE,20,25,240.0,56,38,17,5,16,51,46,5
2007,B,6,MARILIA|SP,Marília (SP),SP,20,26,225.0,53,38,17,8,13,66,61,5
2007,B,7,CRICIUMA|SC,Criciúma (SC),SC,20,27,210.0,53,38,15,8,15,51,44,7
2007,B,8,CRB|AL,CRB (AL),AL,20,28,195.0,53,38,15,8,15,54,61,-7
2007,B,9,BRASILIENSE|DF,Brasiliense (DF),DF,20,29,180.0,53,38,14,11,13,57,53,4
2007,B,10,SAO CAETANO|SP,São Caetano (SP),SP,20,30,165.0,53,38,13,14,11,45,39,6
2007,B,11,PONTE PRETA|SP,Ponte Preta (SP),SP,20,31,150.0,52,38,13,13,12,58,55,3
2007,B,12,GAMA|DF,Gama (DF),DF,20,32,135.0,51,38,14,9,15,53,56,-3
2007,B,13,BARUERI|SP,Barueri (SP),SP,20,33,120.0,51,38,14,9,15,56,71,-15
2007,B,14,SANTO ANDRE|SP,Santo André (SP),SP,20,34,105.0,51,38,13,12,13,51,50,1
2007,B,15,AVAI|SC,Avaí (SC),SC,20,35,90.0,51,38,13,12,13,52,55,-3
2007,B,16,CEARA|CE,Ceará (CE),CE,20,36,75.0,50,38,13,11,14,58,58,0
2007,B,17,PAULISTA|SP,Paulista (SP),SP,20,37,60.0,45,38,12,9,17,58,61,-3
2007,B,18,SANTA CRUZ|PE,Santa Cruz (PE),PE,20,38,45.0,42,38,10,12,16,47,65,-18
2007,B,19,REMO|PA,Remo (PA),PA,20,39,30.0,36,38,10,6,22,53,70,-17
2007,B,20,ITUANO|SP,Ituano (SP),SP,20,40,15.0,33,38,8,9,21,41,74,-33
2007,C,1,BRAGANTINO|SP,Bragantino (SP),SP,64,41,200.0,55,32,16,7,9,46,32,14
2007,C,2,BAHIA|BA,Bahia (BA),BA,64,42,196.88,63,32,18,9,5,62,31,31
2007,C,3,VILA NOVA|GO,Vila Nova (GO),GO,64,43,193.75,57,32,17,6,9,59,41,18
2007,C,4,ABC|RN,ABC (RN),RN,64,44,190.62,61,32,19,4,9,49,39,10
2007,C,5,CRAC|GO,CRAC (GO),GO,64,45,187.5,55,32,17,4,11,50,34,16
2007,C,6,ATLETICO|GO,Atlético (GO),GO,64,46,184.38,54,32,15,9,8,50,31,19
2007,C,7,BARRAS|PI,Barras (PI),PI,64,47,181.25,45,32,12,9,11,47,50,-3
2007,C,8,NACIONAL|PB,Nacional (PB),PB,64,48,178.12,34,32,12,4,16,36,52,-16
2007,C,9,CORURIPE|AL,Coruripe (AL),AL,64,49,175.0,34,18,10,4,4,26,15,11
2007,C,10,RIO BRANCO|AC,Rio Branco (AC),AC,64,50,171.88,32,18,9,5,4,32,20,12
2007,C,11,ULBRA|RS,Ulbra (RS),RS,64,51,168.75,27,18,7,6,5,26,21,5
2007,C,12,AMERICA|RJ,América (RJ),RJ,64,52,165.62,25,18,7,4,7,27,29,-2
2007,C,13,VILLA NOVA|MG,Villa Nova (MG),MG,64,53,162.5,24,18,5,9,4,24,18,6
2007,C,14,TUNA LUSO|PA,Tuna Luso (PA),PA,64,54,159.38,23,18,6,5,7,25,26,-1
2007,C,15,FAST CLUBE|AM,Fast Clube (AM),AM,64,55,156.25,23,18,6,5,7,24,25,-1
2007,C,16,ESPORTIVO|RS,Esportivo (RS),RS,64,56,153.12,23,18,6,5,7,19,25,-6
2007,C,17,ROMA|PR,Roma (PR),PR,64,57,150.0,23,12,6,5,1,15,6,9
2007,C,18,JOINVILLE|SC,Joinville (SC),SC,64,58,146.88,21,12,6,3,3,16,9,7
2007,C,19,CONFIANCA|SE,Confiança (SE),SE,64,59,143.75,21,12,6,3,3,15,9,6
2007,C,20,ANANINDEUA|PA,Ananindeua (PA),PA,64,60,140.62,19,12,5,4,3,18,16,2
2007,C,21,GUARANI|SP,Guarani (SP),SP,64,61,137.5,18,12,5,3,4,14,12,2
2007,C,22,ATLETICO|PB,Atlético (PB),PB,64,62,134.38,16,12,5,1,6,14,15,-1
2007,C,23,ITUMBIARA|GO,Itumbiara (GO),GO,64,63,131.25,16,12,5,1,6,14,16,-2
2007,C,24,VOLTA REDONDA|RJ,Volta Redonda (RJ),RJ,64,64,128.12,15,12,4,3,5,13,12,1
2007,C,25,RIO CLARO|SP,Rio Claro (SP),SP,64,65,125.0,15,12,4,3,5,12,16,-4
2007,C,26,SAMPAIO CORREA|MA,Sampaio Corrêa (MA),MA,64,66,121.88,14,12,3,5,4,11,20,-9
2007,C,27,DEMOCRATA|MG,Democrata (MG),MG,64,67,118.75,13,12,3,4,5,15,23,-8
2007,C,28,NACIONAL|AM,Nacional (AM),AM,64,68,115.62,12,12,3,3,6,17,22,-5
2007,C,29,LINHARES|ES,Linhares (ES),ES,64,69,112.5,12,12,3,3,6,18,24,-6
2007,C,30,AGUIA NEGRA|MS,Águia Negra (MS),MS,64,70,109.38,11,12,2,5,5,10,19,-9
2007,C,31,IMPERATRIZ|MA,Imperatriz (MA),MA,64,71,106.25,8,12,5,5,2,13,6,7
2007,C,32,PORTO|PE,Porto (PE),PE,64,72,103.12,8,12,2,2,8,11,18,-7
2007,C,33,ARAGUAINA|TO,Araguaína (TO),TO,64,73,100.0,11,6,3,2,1,8,4,4
2007,C,34,GREMIO JACIARA|MT,Grêmio Jaciara (MT),MT,64,74,96.88,10,6,3,1,2,14,9,5
2007,C,35,ADAP GALO|PR,ADAP Galo (PR),PR,64,75,93.75,8,6,2,2,2,10,8,2
2007,C,36,CENE|MS,CENE (MS),MS,64,76,90.62,8,6,2,2,2,6,7,-1
2007,C,37,RIVER|PI,Ríver (PI),PI,64,77,87.5,8,6,2,2,2,9,11,-2
2007,C,38,JUVENTUS|SP,Juventus (SP),SP,64,78,84.38,8,6,1,5,0,3,2,1
2007,C,39,JAGUARE|ES,Jaguaré (ES),ES,64,79,81.25,7,6,2,1,3,12,12,0
2007,C,40,CEILANDIA|DF,Ceilândia (DF),DF,64,80,78.12,7,6,2,1,3,6,7,-1
2007,C,41,AMAPA|AP,Amapá (AP),AP,64,81,75.0,7,6,2,1,3,6,8,-2
2007,C,42,ICASA|CE,ICASA (CE),CE,64,82,71.88,7,6,2,1,3,5,7,-2
2007,C,43,CACERENSE|MT,Cacerense (MT),MT,64,83,68.75,7,6,2,1,3,5,8,-3
2007,C,44,TUPI|MG,Tupi (MG),MG,64,84,65.62,7,6,2,1,3,8,12,-4
2007,C,45,POTIGUAR|RN,Potiguar (RN),RN,64,85,62.5,7,6,1,4,1,10,8,2
2007,C,46,FRIBURGUENSE|RJ,Friburguense (RJ),RJ,64,86,59.38,7,6,1,4,1,5,5,0
2007,C,47,NOROESTE|SP,Noroeste (SP),SP,64,87,56.25,6,6,1,3,2,5,6,-1
2007,C,48,CENTRAL|PE,Central (PE),PE,64,88,53.12,6,6,1,3,2,9,11,-2
2007,C,49,ATLETICO|BA,Atlético (BA),BA,64,89,50.0,6,6,1,3,2,7,12,-5
2007,C,50,SAO RAIMUNDO|AM,São Raimundo (AM),AM,64,90,46.88,5,6,1,2,3,5,7,-2
2007,C,51,JARUENSE|RO,Jaruense (RO),RO,64,91,43.75,5,6,1,2,3,7,14,-7
2007,C,52,ITAPIPOCA|CE,Itapipoca (CE),CE,64,92,40.62,4,6,1,1,4,10,12,-2
2007,C,53,POCOES|BA,Poções (BA),BA,64,93,37.5,4,6,1,1,4,6,10,-4
2007,C,54,SERTAOZINHO|SP,Sertãozinho (SP),SP,64,94,34.38,4,6,1,1,4,8,13,-5
2007,C,55,CHAPECOENSE|SC,Chapecoense (SC),SC,64,95,31.25,4,6,1,1,4,5,10,-5
2007,C,56,SAO RAIMUNDO|RR,São Raimundo (RR),RR,64,96,28.12,4,6,1,1,4,8,14,-6
2007,C,57,AMERICA|SE,América (SE),SE,64,97,25.0,4,6,1,1,4,1,7,-6
2007,C,58,VERA CRUZ|PE,Vera Cruz (PE),PE,64,98,21.88,4,6,1,1,4,3,10,-7
2007,C,59,PARANAVAI|PR,Paranavaí (PR),PR,64,99,18.75,4,6,0,4,2,4,10,-6
2007,C,60,CAXIAS|RS,Caxias (RS),RS,64,100,15.62,3,6,0,3,3,4,7,-3
2007,C,61,MADUREIRA|RJ,Madureira (RJ),RJ,64,101,12.5,3,6,0,3,3,1,5,-4
2007,C,62,PAYSANDU|PA,Paysandu (PA),PA,64,102,9.38,1,6,0,1,5,3,9,-6
2007,C,63,ASA|AL,ASA (AL),AL,64,103,6.25,1,6,0,1,5,3,13,-10
2007,C,64,ESPORTIVO|DF,Esportivo (DF),DF,64,104,3.12,0,6,0,0,6,3,18,-15
2008,A,1,SAO PAULO|SP,São Paulo (SP),SP,20,1,400.0,75,38,21,12,5,66,36,30
2008,A,2,GREMIO|RS,Grêmio (RS),RS,20,2,380.0,72,38,21,9,8,59,35,24
2008,A,3,CRUZEIRO|MG,Cruzeiro (MG),MG,20,3,360.0,67,38,21,4,13,59,44,15
2008,A,4,PALMEIRAS|SP,Palmeiras (SP),SP,20,4,340.0,65,38,19,8,11,55,45,10
2008,A,5,FLAMENGO|RJ,Flamengo (RJ),RJ,20,5,320.0,64,38,18,10,10,67,48,19
2008,A,6,INTERNACIONAL|RS,Internacional (RS),RS,20,6,300.0,54,38,15,9,14,48,47,1
2008,A,7,BOTAFOGO|RJ,Botafogo (RJ),RJ,20,7,280.0,53,38,15,8,15,51,44,7
2008,A,8,GOIAS|GO,Goiás (GO),GO,20,8,260.0,53,38,14,11,13,57,47,10
2008,A,9,CORITIBA|PR,Coritiba (PR),PR,20,9,240.0,53,38,14,11,13,55,48,7
2008,A,10,VITORIA|BA,Vitória (BA),BA,20,10,220.0,52,38,15,7,16,48,44,4
2008,A,11,SPORT|PE,Sport (PE),PE,20,11,200.0,52,38,14,10,14,48,45,3
2008,A,12,ATLETICO|MG,Atlético (MG),MG,20,12,180.0,48,38,12,12,14,50,61,-11
2008,A,13,ATLETICO|PR,Athletico Paranaense (PR),PR,20,13,160.0,45,38,12,9,17,45,54,-9
2008,A,14,FLUMINENSE|RJ,Fluminense (RJ),RJ,20,14,140.0,45,38,11,12,15,49,48,1
2008,A,15,SANTOS|SP,Santos (SP),SP,20,15,120.0,45,38,11,12,15,44,53,-9
2008,A,16,NAUTICO|PE,Náutico (PE),PE,20,16,100.0,44,38,11,11,16,44,54,-10
2008,A,17,FIGUEIRENSE|SC,Figueirense (SC),SC,20,17,80.0,44,38,11,11,16,49,73,-24
2008,A,18,VASCO|RJ,Vasco (RJ),RJ,20,18,60.0,40,38,11,7,20,56,72,-16
2008,A,19,PORTUGUESA|SP,Portuguesa (SP),SP,20,19,40.0,38,38,9,11,18,48,70,-22
2008,A,20,IPATINGA|MG,Ipatinga (MG),MG,20,20,20.0,35,38,9,8,21,37,67,-30
2008,B,1,CORINTHIANS|SP,Corinthians (SP),SP,20,21,300.0,85,38,25,10,3,79,29,50
2008,B,2,SANTO ANDRE|SP,Santo André (SP),SP,20,22,285.0,68,38,19,11,8,71,45,26
2008,B,3,AVAI|SC,Avaí (SC),SC,20,23,270.0,67,38,18,13,7,71,40,31
2008,B,4,BARUERI|SP,Barueri (SP),SP,20,24,255.0,63,38,20,3,15,58,55,3
2008,B,5,PONTE PRETA|SP,Ponte Preta (SP),SP,20,25,240.0,58,38,17,7,14,54,46,8
2008,B,6,VILA NOVA|GO,Vila Nova (GO),GO,20,26,225.0,58,38,17,7,14,57,55,2
2008,B,7,BRAGANTINO|SP,Bragantino (SP),SP,20,27,210.0,58,38,16,9,13,47,41,6
2008,B,8,JUVENTUDE|RS,Juventude (RS),RS,20,28,195.0,56,38,16,8,14,51,48,3
2008,B,9,SAO CAETANO|SP,São Caetano (SP),SP,20,29,180.0,54,38,14,12,12,61,55,6
2008,B,10,BAHIA|BA,Bahia (BA),BA,20,30,165.0,52,38,14,10,14,47,65,-18
2008,B,11,PARANA|PR,Paraná (PR),PR,20,31,150.0,49,38,14,7,17,49,54,-5
2008,B,12,CEARA|CE,Ceará (CE),CE,20,32,135.0,49,38,12,13,13,52,50,2
2008,B,13,ABC|RN,ABC (RN),RN,20,33,120.0,48,38,12,12,14,55,57,-2
2008,B,14,BRASILIENSE|DF,Brasiliense (DF),DF,20,34,105.0,47,38,13,8,17,56,64,-8
2008,B,15,AMERICA|RN,América (RN),RN,20,35,90.0,46,38,12,10,16,47,52,-5
2008,B,16,FORTALEZA|CE,Fortaleza (CE),CE,20,36,75.0,45,38,12,9,17,56,56,0
2008,B,17,MARILIA|SP,Marília (SP),SP,20,37,60.0,45,38,11,12,15,47,60,-13
2008,B,18,CRICIUMA|SC,Criciúma (SC),SC,20,38,45.0,41,38,11,8,19,40,54,-14
2008,B,19,GAMA|DF,Gama (DF),DF,20,39,30.0,35,38,9,8,21,37,72,-35
2008,B,20,CRB|AL,CRB (AL),AL,20,40,15.0,24,38,5,9,24,35,72,-37
2008,C,1,ATLETICO|GO,Atlético (GO),GO,63,41,200.0,68,32,21,5,6,84,30,54
2008,C,2,GUARANI|SP,Guarani (SP),SP,63,42,196.83,53,32,15,8,9,47,34,13
2008,C,3,CAMPINENSE|PB,Campinense (PB),PB,63,43,193.65,51,32,13,12,7,43,38,5
2008,C,4,DUQUE DE CAXIAS|RJ,Duque de Caxias (RJ),RJ,63,44,190.48,48,32,14,6,12,55,54,1
2008,C,5,AGUIA DE MARABA|PA,Águia de Marabá (PA),PA,63,45,187.3,47,32,13,8,11,54,52,2
2008,C,6,BRASIL|RS,Brasil (RS),RS,63,46,184.13,49,32,14,7,11,43,44,-1
2008,C,7,CONFIANCA|SE,Confiança (SE),SE,63,47,180.95,50,32,15,5,12,54,56,-2
2008,C,8,RIO BRANCO|AC,Rio Branco (AC),AC,63,48,177.78,51,30,16,3,11,67,56,11
2008,C,9,GUARATINGUETA|SP,Guaratinguetá (SP),SP,63,49,174.6,36,18,11,3,4,26,13,13
2008,C,10,ITUIUTABA|MG,Ituiutaba (MG),MG,63,50,171.43,34,18,10,4,4,26,18,8
2008,C,11,ASA|AL,ASA (AL),AL,63,51,168.25,31,18,9,4,5,33,19,14
2008,C,12,PAYSANDU|PA,Paysandu (PA),PA,63,52,165.08,27,18,7,6,5,24,21,3
2008,C,13,MARCILIO DIAS|SC,Marcílio Dias (SC),SC,63,53,161.9,27,18,7,6,5,21,21,0
2008,C,14,SALGUEIRO|PE,Salgueiro (PE),PE,63,54,158.73,24,18,5,9,4,24,21,3
2008,C,15,MIXTO|MT,Mixto (MT),MT,63,55,155.56,20,18,5,5,8,24,36,-12
2008,C,16,LUVERDENSE|MT,Luverdense (MT),MT,63,56,152.38,17,16,4,5,7,28,29,-1
2008,C,17,SAMPAIO CORREA|MA,Sampaio Corrêa (MA),MA,63,57,149.21,17,12,4,5,3,12,10,2
2008,C,18,ICASA|CE,ICASA (CE),CE,63,58,146.03,19,12,5,4,3,12,11,1
2008,C,19,CAXIAS|RS,Caxias (RS),RS,63,59,142.86,15,12,4,3,5,20,13,7
2008,C,20,AMERICA|MG,América (MG),MG,63,60,139.68,18,12,5,3,4,13,8,5
2008,C,21,VITORIA DA CONQUISTA|BA,Vitória da Conquista (BA),BA,63,61,136.51,20,12,6,2,4,23,18,5
2008,C,22,DOM PEDRO|DF,Dom Pedro (DF),DF,63,62,133.33,16,12,4,4,4,17,20,-3
2008,C,23,ITABUNA|BA,Itabuna (BA),BA,63,63,130.16,16,12,5,1,6,17,23,-6
2008,C,24,NOROESTE|SP,Noroeste (SP),SP,63,64,126.98,15,12,3,6,3,12,12,0
2008,C,25,ITUMBIARA|GO,Itumbiara (GO),GO,63,65,123.81,14,12,4,2,6,14,21,-7
2008,C,26,PICOS|PI,Picos (PI),PI,63,66,120.63,16,12,4,4,4,9,12,-3
2008,C,27,HOLANDA|AM,Holanda (AM),AM,63,67,117.46,18,12,5,3,4,21,20,1
2008,C,28,REMO|PA,Remo (PA),PA,63,68,114.29,17,12,4,5,3,19,15,4
2008,C,29,SANTA CRUZ|PE,Santa Cruz (PE),PE,63,69,111.11,12,12,2,6,4,12,13,-1
2008,C,30,BOAVISTA|RJ,Boavista (RJ),RJ,63,70,107.94,13,12,4,1,7,17,15,2
2008,C,31,TOLEDO|PR,Toledo (PR),PR,63,71,104.76,11,12,2,5,5,13,17,-4
2008,C,32,ITUANO|SP,Ituano (SP),SP,63,72,101.59,11,12,3,2,7,13,18,-5
2008,C,33,MACAE|RJ,Macaé (RJ),RJ,63,73,98.41,9,6,2,3,1,6,4,2
2008,C,34,INTERNACIONAL SM|RS,Internacional/Sm (RS),RS,63,74,95.24,8,6,2,2,2,7,5,2
2008,C,35,BACABAL|MA,Bacabal (MA),MA,63,75,92.06,8,6,2,2,2,8,7,1
2008,C,36,PAULISTA|SP,Paulista (SP),SP,63,76,88.89,8,6,2,2,2,6,6,0
2008,C,37,CRISTAL|AP,Cristal (AP),AP,63,77,85.71,8,6,2,2,2,5,5,0
2008,C,38,BARRAS|PI,Barras (PI),PI,63,78,82.54,8,6,2,2,2,4,4,0
2008,C,39,ANAPOLIS|GO,Anápolis (GO),GO,63,79,79.37,8,6,2,2,2,7,11,-4
2008,C,40,LEGIAO|DF,Legião (DF),DF,63,80,76.19,7,6,2,1,3,12,10,2
2008,C,41,POTIGUAR|RN,Potiguar (RN),RN,63,81,73.02,7,6,2,1,3,9,10,-1
2008,C,42,MADUREIRA|RJ,Madureira (RJ),RJ,63,82,69.84,7,6,2,1,3,7,9,-2
2008,C,43,ATLETICO|BA,Atlético (BA),BA,63,83,66.67,7,6,2,1,3,6,8,-2
2008,C,44,LINENSE|SP,Linense (SP),SP,63,84,63.49,7,6,2,1,3,5,7,-2
2008,C,45,TUPI|MG,Tupi (MG),MG,63,85,60.32,7,6,2,1,3,6,9,-3
2008,C,46,SANTA CRUZ|RN,Santa Cruz (RN),RN,63,86,57.14,7,6,2,1,3,5,8,-3
2008,C,47,J MALUCELLI|PR,J.Malucelli (PR),PR,63,87,53.97,7,6,1,4,1,4,4,0
2008,C,48,OPERARIO|MS,Operário (MS),MS,63,88,50.79,7,6,1,4,1,3,5,-2
2008,C,49,SERRA|ES,Serra (ES),ES,63,89,47.62,6,6,2,0,4,7,11,-4
2008,C,50,PALMAS|TO,Palmas (TO),TO,63,90,44.44,6,6,2,0,4,6,12,-6
2008,C,51,ENG BELTRAO|PR,Eng Beltrão (PR),PR,63,91,41.27,6,6,2,0,4,3,9,-6
2008,C,52,CENTRAL|PE,Central (PE),PE,63,92,38.1,6,6,1,3,2,1,6,-5
2008,C,53,SERGIPE|SE,Sergipe (SE),SE,63,93,34.92,4,6,3,1,2,9,9,0
2008,C,54,MIRASSOL|SP,Mirassol (SP),SP,63,94,31.75,4,6,1,1,4,7,11,-4
2008,C,55,HORIZONTE|CE,Horizonte (CE),CE,63,95,28.57,4,6,1,1,4,5,9,-4
2008,C,56,METROPOLITANO|SC,Metropolitano (SC),SC,63,96,25.4,4,6,0,4,2,4,8,-4
2008,C,57,CSA|AL,CSA (AL),AL,63,97,22.22,3,6,1,0,5,4,10,-6
2008,C,58,PETROLINA|PE,Petrolina (PE),PE,63,98,19.05,3,6,1,0,5,6,14,-8
2008,C,59,PROGRESSO|RR,Progresso (RR),RR,63,99,15.87,3,6,1,0,5,3,13,-10
2008,C,60,TREZE|PB,Treze (PB),PB,63,100,12.7,2,6,0,2,4,3,8,-5
2008,C,61,AGUIA NEGRA|MS,Águia Negra (MS),MS,63,101,9.52,1,6,0,1,5,4,15,-11
2008,C,62,LINHARES|ES,Linhares (ES),ES,63,102,6.35,1,6,0,1,5,3,18,-15
2008,C,63,FAST CLUB|AM,Fast Club (AM),AM,63,103,3.17,0,4,0,0,4,2,11,-9
2009,A,1,FLAMENGO|RJ,Flamengo (RJ),RJ,20,1,400.0,67,38,19,10,9,58,44,14
2009,A,2,INTERNACIONAL|RS,Internacional (RS),RS,20,2,380.0,65,38,19,8,11,65,44,21
2009,A,3,SAO PAULO|SP,São Paulo (SP),SP,20,3,360.0,65,38,18,11,9,57,42,15
2009,A,4,CRUZEIRO|MG,Cruzeiro (MG),MG,20,4,340.0,62,38,18,8,12,58,53,5
2009,A,5,PALMEIRAS|SP,Palmeiras (SP),SP,20,5,320.0,62,38,17,11,10,58,45,13
2009,A,6,AVAI|SC,Avaí (SC),SC,20,6,300.0,57,38,15,12,11,61,52,9
2009,A,7,ATLETICO|MG,Atlético (MG),MG,20,7,280.0,56,38,16,8,14,55,56,-1
2009,A,8,GREMIO|RS,Grêmio (RS),RS,20,8,260.0,55,38,15,10,13,67,46,21
2009,A,9,GOIAS|GO,Goiás (GO),GO,20,9,240.0,55,38,15,10,13,64,65,-1
2009,A,10,CORINTHIANS|SP,Corinthians (SP),SP,20,10,220.0,52,38,14,10,14,50,54,-4
2009,A,11,BARUERI|SP,Barueri (SP),SP,20,11,200.0,49,38,12,13,13,59,52,7
2009,A,12,SANTOS|SP,Santos (SP),SP,20,12,180.0,49,38,12,13,13,58,58,0
2009,A,13,VITORIA|BA,Vitória (BA),BA,20,13,160.0,48,38,13,9,16,51,57,-6
2009,A,14,ATLETICO|PR,Athletico Paranaense (PR),PR,20,14,140.0,48,38,13,9,16,42,49,-7
2009,A,15,BOTAFOGO|RJ,Botafogo (RJ),RJ,20,15,120.0,47,38,11,14,13,52,58,-6
2009,A,16,FLUMINENSE|RJ,Fluminense (RJ),RJ,20,16,100.0,46,38,11,13,14,49,56,-7
2009,A,17,CORITIBA|PR,Coritiba (PR),PR,20,17,80.0,45,38,12,9,17,48,60,-12
2009,A,18,SANTO ANDRE|SP,Santo André (SP),SP,20,18,60.0,41,38,11,8,19,46,61,-15
2009,A,19,NAUTICO|PE,Náutico (PE),PE,20,19,40.0,38,38,10,8,20,48,71,-23
2009,A,20,SPORT|PE,Sport (PE),PE,20,20,20.0,31,38,7,10,21,48,71,-23
2009,B,1,VASCO|RJ,Vasco (RJ),RJ,20,21,300.0,76,38,22,10,6,58,29,29
2009,B,2,GUARANI|SP,Guarani (SP),SP,20,22,285.0,69,38,21,6,11,55,51,4
2009,B,3,CEARA|CE,Ceará (CE),CE,20,23,270.0,68,38,19,11,8,54,34,20
2009,B,4,ATLETICO|GO,Atlético (GO),GO,20,24,255.0,65,38,20,5,13,73,53,20
2009,B,5,PORTUGUESA|SP,Portuguesa (SP),SP,20,25,240.0,62,38,18,8,12,53,45,8
2009,B,6,FIGUEIRENSE|SC,Figueirense (SC),SC,20,26,225.0,60,38,19,3,16,64,51,13
2009,B,7,SAO CAETANO|SP,São Caetano (SP),SP,20,27,210.0,54,38,15,9,14,52,38,14
2009,B,8,DUQUE DE CAXIAS|RJ,Duque de Caxias (RJ),RJ,20,28,195.0,54,38,15,9,14,55,55,0
2009,B,9,BRAGANTINO|SP,Bragantino (SP),SP,20,29,180.0,53,38,15,8,15,52,51,1
2009,B,10,PARANA|PR,Paraná (PR),PR,20,30,165.0,53,38,14,11,13,51,56,-5
2009,B,11,PONTE PRETA|SP,Ponte Preta (SP),SP,20,31,150.0,52,38,14,10,14,62,55,7
2009,B,12,BAHIA|BA,Bahia (BA),BA,20,32,135.0,51,38,14,9,15,52,53,-1
2009,B,13,VILA NOVA|GO,Vila Nova (GO),GO,20,33,120.0,49,38,14,7,17,42,59,-17
2009,B,14,BRASILIENSE|DF,Brasiliense (DF),DF,20,34,105.0,48,38,14,6,18,45,56,-11
2009,B,15,IPATINGA|MG,Ipatinga (MG),MG,20,35,90.0,48,38,12,12,14,43,50,-7
2009,B,16,AMERICA|RN,América (RN),RN,20,36,75.0,46,38,13,7,18,49,61,-12
2009,B,17,JUVENTUDE|RS,Juventude (RS),RS,20,37,60.0,44,38,12,8,18,46,50,-2
2009,B,18,FORTALEZA|CE,Fortaleza (CE),CE,20,38,45.0,38,38,10,8,20,56,64,-8
2009,B,19,CAMPINENSE|PB,Campinense (PB),PB,20,39,30.0,37,38,11,4,23,54,79,-25
2009,B,20,ABC|RN,ABC (RN),RN,20,40,15.0,35,38,10,5,23,40,66,-26
2009,C,1,AMERICA|MG,América (MG),MG,20,41,200.0,29,14,9,2,3,22,11,11
2009,C,2,ASA|AL,ASA (AL),AL,20,42,190.0,22,14,6,4,4,21,17,4
2009,C,3,GUARATINGUETA|SP,Guaratinguetá (SP),SP,20,43,180.0,22,12,7,1,4,21,16,5
2009,C,4,ICASA|CE,ICASA (CE),CE,20,44,170.0,22,12,6,4,2,25,11,14
2009,C,5,CAXIAS|RS,Caxias (RS),RS,20,45,160.0,17,10,5,2,3,11,9,2
2009,C,6,BRASIL|RS,Brasil (RS),RS,20,46,150.0,17,10,5,2,3,13,12,1
2009,C,7,RIO BRANCO|AC,Rio Branco (AC),AC,20,47,140.0,14,10,4,2,4,18,15,3
2009,C,8,PAYSANDU|PA,Paysandu (PA),PA,20,48,130.0,13,10,3,4,3,14,19,-5
2009,C,9,MARILIA|SP,Marília (SP),SP,20,49,120.0,15,8,4,3,1,14,8,6
2009,C,10,SALGUEIRO|PE,Salgueiro (PE),PE,20,50,110.0,13,8,4,1,3,8,12,-4
2009,C,11,ITUIUTABA|MG,Ituiutaba (MG),MG,20,51,100.0,11,8,3,2,3,13,8,5
2009,C,12,AGUIA DE MARABA|PA,Águia de Marabá (PA),PA,20,52,90.0,11,8,3,2,3,12,12,0
2009,C,13,LUVERDENSE|MT,Luverdense (MT),MT,20,53,80.0,11,8,3,2,3,8,9,-1
2009,C,14,GAMA|DF,Gama (DF),DF,20,54,70.0,8,8,2,2,4,11,14,-3
2009,C,15,CRICIUMA|SC,Criciúma (SC),SC,20,55,60.0,7,8,2,1,5,6,12,-6
2009,C,16,CRB|AL,CRB (AL),AL,20,56,50.0,6,8,2,0,6,8,12,-4
2009,C,17,SAMPAIO CORREA|MA,Sampaio Corrêa (MA),MA,20,57,40.0,9,8,2,3,3,10,11,-1
2009,C,18,MIXTO|MT,Mixto (MT),MT,20,58,30.0,7,8,2,1,5,8,19,-11
2009,C,19,CONFIANCA|SE,Confiança (SE),SE,20,59,20.0,6,8,2,0,6,9,18,-9
2009,C,20,MARCILIO DIAS|SC,Marcílio Dias (SC),SC,20,60,10.0,3,8,1,0,7,12,19,-7
2009,D,1,SAO RAIMUNDO|PA,São Raimundo (PA),PA,39,61,100.0,28,16,8,4,4,29,20,9
2009,D,2,MACAE|RJ,Macaé (RJ),RJ,39,62,97.44,28,16,8,4,4,25,17,8
2009,D,3,CHAPECOENSE|SC,Chapecoense (SC),SC,39,63,94.87,27,14,8,3,3,24,13,11
2009,D,4,ALECRIM|RN,Alecrim (RN),RN,39,64,92.31,21,14,6,3,5,18,15,3
2009,D,5,TUPI|MG,Tupi (MG),MG,39,65,89.74,20,12,5,5,2,14,11,3
2009,D,6,ARAGUAIA|MT,Araguaia (MT),MT,39,66,87.18,19,12,8,1,3,18,13,5
2009,D,7,CRISTAL|AP,Cristal (AP),AP,39,67,84.62,18,12,5,3,4,17,16,1
2009,D,8,UBERABA|MG,Uberaba (MG),MG,39,68,82.05,17,12,4,5,3,18,12,6
2009,D,9,SERGIPE|SE,Sergipe (SE),SE,39,69,79.49,14,10,4,2,4,12,13,-1
2009,D,10,LONDRINA|PR,Londrina (PR),PR,39,70,76.92,13,10,4,1,5,14,12,2
2009,D,11,SAO JOSE|RS,São José (RS),RS,39,71,74.36,15,8,5,0,3,11,9,2
2009,D,12,CENTRAL|PE,Central (PE),PE,39,72,71.79,15,8,4,3,1,8,6,2
2009,D,13,UBERLANDIA|MG,Uberlândia (MG),MG,39,73,69.23,13,8,3,4,1,13,10,3
2009,D,14,CORINTHIANS|PR,Corinthians (PR),PR,39,74,66.67,12,8,3,3,2,9,8,1
2009,D,15,FERROVIARIO|CE,Ferroviário (CE),CE,39,75,64.1,11,8,3,2,3,11,9,2
2009,D,16,FLUMINENSE|BA,Fluminense (BA),BA,39,76,61.54,11,8,3,2,3,13,14,-1
2009,D,17,NACIONAL|AM,Nacional (AM),AM,39,77,58.97,10,6,3,1,2,9,10,-1
2009,D,18,PAULISTA|SP,Paulista (SP),SP,39,78,56.41,10,8,2,4,2,5,6,-1
2009,D,19,BRASILIA|DF,Brasília (DF),DF,39,79,53.85,9,8,2,3,3,14,15,-1
2009,D,20,GENUS|RO,Gênus (RO),RO,39,80,51.28,7,6,2,1,3,8,8,0
2009,D,21,BRUSQUE|SC,Brusque (SC),SC,39,81,48.72,10,6,3,1,2,10,9,1
2009,D,22,MOTO CLUB|MA,Moto Club (MA),MA,39,82,46.15,8,6,2,2,2,10,6,4
2009,D,23,RIO BRANCO|ES,Rio Branco (ES),ES,39,83,43.59,8,6,2,2,2,11,9,2
2009,D,24,MADUREIRA|RJ,Madureira (RJ),RJ,39,84,41.03,8,6,2,2,2,9,8,1
2009,D,25,TREZE|PB,Treze (PB),PB,39,85,38.46,8,6,2,2,2,5,7,-2
2009,D,26,YPIRANGA|RS,Ypiranga (RS),RS,39,86,35.9,8,6,2,2,2,9,12,-3
2009,D,27,CSA|AL,CSA (AL),AL,39,87,33.33,7,6,1,4,1,5,6,-1
2009,D,28,SANTA CRUZ|PE,Santa Cruz (PE),PE,39,88,30.77,5,6,1,2,3,8,8,0
2009,D,29,CRAC|GO,CRAC (GO),GO,39,89,28.21,5,6,1,2,3,9,10,-1
2009,D,30,ANAPOLINA|GO,Anapolina (GO),GO,39,90,25.64,5,6,1,2,3,9,13,-4
2009,D,31,FLAMENGO|PI,Flamengo (PI),PI,39,91,23.08,5,6,1,2,3,5,9,-4
2009,D,32,MIRASSOL|SP,Mirassol (SP),SP,39,92,20.51,5,6,1,2,3,6,11,-5
2009,D,33,TOCANTINS|TO,Tocantins (TO),TO,39,93,17.95,5,6,1,2,3,6,13,-7
2009,D,34,FRIBURGUENSE|RJ,Friburguense (RJ),RJ,39,94,15.38,4,6,1,1,4,6,9,-3
2009,D,35,NAVIRAIENSE|MS,Naviraiense (MS),MS,39,95,12.82,4,6,1,1,4,5,12,-7
2009,D,36,ITUANO|SP,Ituano (SP),SP,39,96,10.26,4,6,0,4,2,5,9,-4
2009,D,37,RORAIMA|RR,Roraima (RR),RR,39,97,7.69,3,4,1,0,3,3,7,-4
2009,D,38,ATLETICO|BA,Atlético (BA),BA,39,98,5.13,3,6,1,0,5,6,14,-8
2009,D,39,PELOTAS|RS,Pelotas (RS),RS,39,99,2.56,1,6,0,1,5,4,12,-8
2010,A,1,FLUMINENSE|RJ,Fluminense (RJ),RJ,20,1,400.0,71,38,20,11,7,62,36,26
2010,A,2,CRUZEIRO|MG,Cruzeiro (MG),MG,20,2,380.0,69,38,20,9,9,53,38,15
2010,A,3,CORINTHIANS|SP,Corinthians (SP),SP,20,3,360.0,68,38,19,11,8,65,41,24
2010,A,4,GREMIO|RS,Grêmio (RS),RS,20,4,340.0,63,38,17,12,9,67,43,24
2010,A,5,ATLETICO|PR,Athletico Paranaense (PR),PR,20,5,320.0,60,38,17,9,12,43,44,-1
2010,A,6,BOTAFOGO|RJ,Botafogo (RJ),RJ,20,6,300.0,59,38,14,17,7,54,42,12
2010,A,7,INTERNACIONAL|RS,Internacional (RS),RS,20,7,280.0,58,38,16,10,12,48,41,7
2010,A,8,SANTOS|SP,Santos (SP),SP,20,8,260.0,56,38,15,11,12,63,50,13
2010,A,9,SAO PAULO|SP,São Paulo (SP),SP,20,9,240.0,55,38,15,10,13,54,54,0
2010,A,10,PALMEIRAS|SP,Palmeiras (SP),SP,20,10,220.0,50,38,12,14,12,42,43,-1
2010,A,11,VASCO|RJ,Vasco (RJ),RJ,20,11,200.0,49,38,11,16,11,43,45,-2
2010,A,12,CEARA|CE,Ceará (CE),CE,20,12,180.0,47,38,10,17,11,35,44,-9
2010,A,13,ATLETICO|MG,Atlético (MG),MG,20,13,160.0,45,38,13,6,19,52,64,-12
2010,A,14,FLAMENGO|RJ,Flamengo (RJ),RJ,20,14,140.0,44,38,9,17,12,41,44,-3
2010,A,15,AVAI|SC,Avaí (SC),SC,20,15,120.0,43,38,11,10,17,49,58,-9
2010,A,16,ATLETICO|GO,Atlético (GO),GO,20,16,100.0,42,38,11,9,18,51,57,-6
2010,A,17,VITORIA|BA,Vitória (BA),BA,20,17,80.0,42,38,9,15,14,42,48,-6
2010,A,18,GUARANI|SP,Guarani (SP),SP,20,18,60.0,37,38,8,13,17,33,53,-20
2010,A,19,GOIAS|GO,Goiás (GO),GO,20,19,40.0,33,38,8,9,21,41,68,-27
2010,A,20,GREMIO PRUDENTE|SP,Grêmio Prudente (SP),SP,20,20,20.0,28,38,7,10,21,39,64,-25
2010,B,1,CORITIBA|PR,Coritiba (PR),PR,20,21,300.0,71,38,21,8,9,69,49,20
2010,B,2,FIGUEIRENSE|SC,Figueirense (SC),SC,20,22,285.0,67,38,19,10,9,68,37,31
2010,B,3,BAHIA|BA,Bahia (BA),BA,20,23,270.0,65,38,19,8,11,63,44,19
2010,B,4,AMERICA|MG,América (MG),MG,20,24,255.0,63,38,19,6,13,56,42,14
2010,B,5,PORTUGUESA|SP,Portuguesa (SP),SP,20,25,240.0,62,38,19,5,14,68,53,15
2010,B,6,SPORT|PE,Sport (PE),PE,20,26,225.0,56,38,15,11,12,55,41,14
2010,B,7,PARANA|PR,Paraná (PR),PR,20,27,210.0,53,38,15,8,15,47,44,3
2010,B,8,BRAGANTINO|SP,Bragantino (SP),SP,20,28,195.0,53,38,13,14,11,52,37,15
2010,B,9,ASA|AL,ASA (AL),AL,20,29,180.0,52,38,16,4,18,53,56,-3
2010,B,10,SAO CAETANO|SP,São Caetano (SP),SP,20,30,165.0,52,38,14,10,14,50,52,-2
2010,B,11,DUQUE DE CAXIAS|RJ,Duque de Caxias (RJ),RJ,20,31,150.0,50,38,15,5,18,46,56,-10
2010,B,12,ICASA|CE,ICASA (CE),CE,20,32,135.0,49,38,13,10,15,51,52,-1
2010,B,13,NAUTICO|PE,Náutico (PE),PE,20,33,120.0,48,38,14,6,18,41,60,-19
2010,B,14,PONTE PRETA|SP,Ponte Preta (SP),SP,20,34,105.0,48,38,12,12,14,49,48,1
2010,B,15,GUARATINGUETA|SP,Guaratinguetá (SP),SP,20,35,90.0,47,38,11,14,13,48,58,-10
2010,B,16,VILA NOVA|GO,Vila Nova (GO),GO,20,36,75.0,46,38,13,7,18,50,68,-18
2010,B,17,BRASILIENSE|DF,Brasiliense (DF),DF,20,37,60.0,46,38,12,10,16,41,59,-18
2010,B,18,SANTO ANDRE|SP,Santo André (SP),SP,20,38,45.0,43,38,11,10,17,53,61,-8
2010,B,19,IPATINGA|MG,Ipatinga (MG),MG,20,39,30.0,41,38,11,8,19,47,62,-15
2010,B,20,AMERICA|RN,América (RN),RN,20,40,15.0,41,38,11,8,19,40,68,-28
2010,C,1,ABC|RN,ABC (RN),RN,20,41,200.0,26,14,7,5,2,19,8,11
2010,C,2,ITUIUTABA|MG,Ituiutaba (MG),MG,20,42,190.0,20,14,4,8,2,12,8,4
2010,C,3,CRICIUMA|SC,Criciúma (SC),SC,20,43,180.0,17,12,4,5,3,13,9,4
2010,C,4,SALGUEIRO|PE,Salgueiro (PE),PE,20,44,170.0,16,12,4,4,4,16,18,-2
2010,C,5,MACAE|RJ,Macaé (RJ),RJ,20,45,160.0,17,10,5,2,3,15,12,3
2010,C,6,PAYSANDU|PA,Paysandu (PA),PA,20,46,150.0,15,10,4,3,3,18,13,5
2010,C,7,CHAPECOENSE|SC,Chapecoense (SC),SC,20,47,140.0,13,10,3,4,3,10,10,0
2010,C,8,AGUIA DE MARABA|PA,Águia de Marabá (PA),PA,20,48,130.0,12,10,3,3,4,12,11,1
2010,C,9,LUVERDENSE|MT,Luverdense (MT),MT,20,49,120.0,12,8,3,3,2,12,10,2
2010,C,10,FORTALEZA|CE,Fortaleza (CE),CE,20,50,110.0,12,8,2,6,0,9,7,2
2010,C,11,CRB|AL,CRB (AL),AL,20,51,100.0,11,8,3,2,3,8,11,-3
2010,C,12,CAMPINENSE|PB,Campinense (PB),PB,20,52,90.0,10,8,3,1,4,7,7,0
2010,C,13,CAXIAS|RS,Caxias (RS),RS,20,53,80.0,10,8,2,4,2,6,6,0
2010,C,14,BRASIL|RS,Brasil (RS),RS,20,54,70.0,10,8,2,4,2,4,5,-1
2010,C,15,RIO BRANCO|AC,Rio Branco (AC),AC,20,55,60.0,10,8,2,4,2,12,17,-5
2010,C,16,MARILIA|SP,Marília (SP),SP,20,56,50.0,6,8,1,3,4,7,12,-5
2010,C,17,ALECRIM|RN,Alecrim (RN),RN,20,57,40.0,10,8,2,4,2,9,10,-1
2010,C,18,JUVENTUDE|RS,Juventude (RS),RS,20,58,30.0,8,8,1,5,2,6,8,-2
2010,C,19,GAMA|DF,Gama (DF),DF,20,59,20.0,5,8,0,5,3,5,11,-6
2010,C,20,SAO RAIMUNDO|PA,São Raimundo (PA),PA,20,60,10.0,3,8,0,3,5,8,15,-7
2010,D,1,GUARANY|CE,Guarany (CE),CE,40,61,100.0,28,16,7,7,2,33,19,14
2010,D,2,MADUREIRA|RJ,Madureira (RJ),RJ,40,62,97.5,27,14,8,3,3,27,21,6
2010,D,3,ARAGUAINA|TO,Araguaína (TO),TO,40,63,95.0,21,14,4,9,1,17,14,3
2010,D,4,JOINVILLE|SC,Joinville (SC),SC,40,64,92.5,22,12,6,4,2,14,7,7
2010,D,5,AMERICA|AM,América (AM),AM,40,65,90.0,23,16,6,5,5,23,24,-1
2010,D,6,UBERABA|MG,Uberaba (MG),MG,40,66,87.5,20,12,5,5,2,23,12,11
2010,D,7,OPERARIO|PR,Operário (PR),PR,40,67,85.0,17,12,5,2,5,11,16,-5
2010,D,8,VILA AURORA|MT,Vila Aurora (MT),MT,40,68,82.5,16,12,4,4,4,13,11,2
2010,D,9,SAMPAIO CORREA|MA,Sampaio Corrêa (MA),MA,40,69,80.0,14,10,3,5,2,19,11,8
2010,D,10,BRASILIA|DF,Brasília (DF),DF,40,70,77.5,12,10,3,3,4,14,13,1
2010,D,11,MIXTO|MT,Mixto (MT),MT,40,71,75.0,19,8,6,1,1,18,9,9
2010,D,12,CSA|AL,CSA (AL),AL,40,72,72.5,16,8,5,1,2,15,14,1
2010,D,13,TREZE|PB,Treze (PB),PB,40,73,70.0,14,8,4,2,2,13,9,4
2010,D,14,SANTA CRUZ|PE,Santa Cruz (PE),PE,40,74,67.5,14,8,4,2,2,10,8,2
2010,D,15,FLUMINENSE|BA,Fluminense (BA),BA,40,75,65.0,13,8,4,1,3,11,12,-1
2010,D,16,REMO|PA,Remo (PA),PA,40,76,62.5,13,8,3,4,1,10,6,4
2010,D,17,METROPOLITANO|SC,Metropolitano (SC),SC,40,77,60.0,11,8,3,2,3,11,9,2
2010,D,18,RIO BRANCO|ES,Rio Branco (ES),ES,40,78,57.5,11,8,3,2,3,16,15,1
2010,D,19,TUPI|MG,Tupi (MG),MG,40,79,55.0,10,8,2,4,2,9,8,1
2010,D,20,IRATY|PR,Iraty (PR),PR,40,80,52.5,9,8,2,3,3,8,12,-4
2010,D,21,AMERICA|RJ,América (RJ),RJ,40,81,50.0,10,6,3,1,2,11,12,-1
2010,D,22,CENE|MS,CENE (MS),MS,40,82,47.5,9,6,2,3,1,8,6,2
2010,D,23,JV LIDERAL|MA,Jv Lideral (MA),MA,40,83,45.0,9,6,2,3,1,6,6,0
2010,D,24,PELOTAS|RS,Pelotas (RS),RS,40,84,42.5,8,6,2,2,2,9,6,3
2010,D,25,CAMETA|PA,Cametá (PA),PA,40,85,40.0,8,6,2,2,2,10,8,2
2010,D,26,CEILANDIA|DF,Ceilândia (DF),DF,40,86,37.5,8,6,2,2,2,7,7,0
2010,D,27,CONFIANCA|SE,Confiança (SE),SE,40,87,35.0,8,6,2,2,2,6,6,0
2010,D,28,RIVER PLATE|SE,River Plate (SE),SE,40,88,32.5,8,6,2,2,2,10,12,-2
2010,D,29,SAO JOSE|RS,São José (RS),RS,40,89,30.0,7,6,2,1,3,6,6,0
2010,D,30,VILHENA|RO,Vilhena (RO),RO,40,90,27.5,6,6,2,0,4,6,6,0
2010,D,31,OESTE|SP,Oeste (SP),SP,40,91,25.0,5,6,1,2,3,3,6,-3
2010,D,32,CENTRAL|PE,Central (PE),PE,40,92,22.5,4,6,1,1,4,10,13,-3
2010,D,33,BOTAFOGO|SP,Botafogo (SP),SP,40,93,20.0,4,6,1,1,4,5,8,-3
2010,D,34,CRISTAL|AP,Cristal (AP),AP,40,94,17.5,4,6,1,1,4,4,12,-8
2010,D,35,BOTAFOGO|DF,Botafogo (DF),DF,40,95,15.0,4,6,0,4,2,4,6,-2
2010,D,36,MARCILIO DIAS|SC,Marcílio Dias (SC),SC,40,96,12.5,3,6,0,3,3,2,9,-7
2010,D,37,FLAMENGO|PI,Flamengo (PI),PI,40,97,10.0,3,6,0,3,3,4,14,-10
2010,D,38,CAMACARI|BA,Camaçari (BA),BA,40,98,7.5,1,6,0,1,5,4,16,-12
2010,D,39,NAUAS|AC,Náuas (AC),AC,40,99,5.0,1,6,0,1,5,3,15,-12
2010,D,40,POTIGUAR|RN,Potiguar (RN),RN,40,100,2.5,0,6,0,0,6,3,12,-9
2011,A,1,CORINTHIANS|SP,Corinthians (SP),SP,20,1,400.0,71,38,21,8,9,53,36,17
2011,A,2,VASCO|RJ,Vasco (RJ),RJ,20,2,380.0,69,38,19,12,7,57,40,17
2011,A,3,FLUMINENSE|RJ,Fluminense (RJ),RJ,20,3,360.0,63,38,20,3,15,60,51,9
2011,A,4,FLAMENGO|RJ,Flamengo (RJ),RJ,20,4,340.0,61,38,15,16,7,59,47,12
2011,A,5,INTERNACIONAL|RS,Internacional (RS),RS,20,5,320.0,60,38,16,12,10,57,43,14
2011,A,6,SAO PAULO|SP,São Paulo (SP),SP,20,6,300.0,59,38,16,11,11,57,46,11
2011,A,7,FIGUEIRENSE|SC,Figueirense (SC),SC,20,7,280.0,58,38,15,13,10,46,45,1
2011,A,8,CORITIBA|PR,Coritiba (PR),PR,20,8,260.0,57,38,16,9,13,57,41,16
2011,A,9,BOTAFOGO|RJ,Botafogo (RJ),RJ,20,9,240.0,56,38,16,8,14,52,49,3
2011,A,10,SANTOS|SP,Santos (SP),SP,20,10,220.0,53,38,15,8,15,55,55,0
2011,A,11,PALMEIRAS|SP,Palmeiras (SP),SP,20,11,200.0,50,38,11,17,10,43,39,4
2011,A,12,GREMIO|RS,Grêmio (RS),RS,20,12,180.0,48,38,13,9,16,49,57,-8
2011,A,13,ATLETICO|GO,Atlético (GO),GO,20,13,160.0,48,38,12,12,14,50,45,5
2011,A,14,BAHIA|BA,Bahia (BA),BA,20,14,140.0,46,38,11,13,14,43,49,-6
2011,A,15,ATLETICO|MG,Atlético (MG),MG,20,15,120.0,45,38,13,6,19,50,60,-10
2011,A,16,CRUZEIRO|MG,Cruzeiro (MG),MG,20,16,100.0,43,38,11,10,17,48,51,-3
2011,A,17,ATLETICO|PR,Athletico Paranaense (PR),PR,20,17,80.0,41,38,10,11,17,38,55,-17
2011,A,18,CEARA|CE,Ceará (CE),CE,20,18,60.0,39,38,10,9,19,47,64,-17
2011,A,19,AMERICA|MG,América (MG),MG,20,19,40.0,37,38,8,13,17,51,69,-18
2011,A,20,AVAI|SC,Avaí (SC),SC,20,20,20.0,31,38,7,10,21,45,75,-30
2011,B,1,PORTUGUESA|SP,Portuguesa (SP),SP,20,21,300.0,81,38,23,12,3,82,38,44
2011,B,2,NAUTICO|PE,Náutico (PE),PE,20,22,285.0,64,38,17,13,8,51,41,10
2011,B,3,PONTE PRETA|SP,Ponte Preta (SP),SP,20,23,270.0,63,38,17,12,9,63,45,18
2011,B,4,SPORT|PE,Sport (PE),PE,20,24,255.0,61,38,17,10,11,62,44,18
2011,B,5,VITORIA|BA,Vitória (BA),BA,20,25,240.0,60,38,17,9,12,61,48,13
2011,B,6,BRAGANTINO|SP,Bragantino (SP),SP,20,26,225.0,58,38,16,10,12,65,53,12
2011,B,7,BOA ESPORTE|MG,Boa Esporte (MG),MG,20,27,210.0,57,38,16,9,13,44,40,4
2011,B,8,AMERICANA|SP,Americana (SP),SP,20,28,195.0,56,38,15,11,12,40,45,-5
2011,B,9,BARUERI|SP,Barueri (SP),SP,20,29,180.0,53,38,15,8,15,48,53,-5
2011,B,10,ABC|RN,ABC (RN),RN,20,30,165.0,53,38,13,14,11,52,53,-1
2011,B,11,GOIAS|GO,Goiás (GO),GO,20,31,150.0,52,38,16,4,18,51,57,-6
2011,B,12,GUARANI|SP,Guarani (SP),SP,20,32,135.0,52,38,15,7,16,51,48,3
2011,B,13,PARANA|PR,Paraná (PR),PR,20,33,120.0,52,38,14,10,14,48,44,4
2011,B,14,CRICIUMA|SC,Criciúma (SC),SC,20,34,105.0,51,38,13,12,13,43,43,0
2011,B,15,SAO CAETANO|SP,São Caetano (SP),SP,20,35,90.0,51,38,12,15,11,57,51,6
2011,B,16,ASA|AL,ASA (AL),AL,20,36,75.0,48,38,13,9,16,44,54,-10
2011,B,17,ICASA|CE,ICASA (CE),CE,20,37,60.0,47,38,11,14,13,52,55,-3
2011,B,18,VILA NOVA|GO,Vila Nova (GO),GO,20,38,45.0,32,38,7,11,20,34,53,-19
2011,B,19,SALGUEIRO|PE,Salgueiro (PE),PE,20,39,30.0,29,38,8,5,25,32,63,-31
2011,B,20,DUQUE DE CAXIAS|RJ,Duque de Caxias (RJ),RJ,20,40,15.0,17,38,2,11,25,32,84,-52
2011,C,1,JOINVILLE|SC,Joinville (SC),SC,20,41,200.0,37,16,11,4,1,38,17,21
2011,C,2,CRB|AL,CRB (AL),AL,20,42,190.0,23,16,6,5,5,15,22,-7
2011,C,3,IPATINGA|MG,Ipatinga (MG),MG,20,43,180.0,27,14,9,0,5,24,19,5
2011,C,4,AMERICA|RN,América (RN),RN,20,44,170.0,25,14,7,4,3,22,12,10
2011,C,5,CHAPECOENSE|SC,Chapecoense (SC),SC,20,45,160.0,21,14,6,3,5,25,19,6
2011,C,6,PAYSANDU|PA,Paysandu (PA),PA,20,46,150.0,21,14,6,3,5,18,15,3
2011,C,7,BRASILIENSE|DF,Brasiliense (DF),DF,20,47,140.0,17,14,5,2,7,17,21,-4
2011,C,8,LUVERDENSE|MT,Luverdense (MT),MT,20,48,130.0,16,14,4,4,6,15,14,1
2011,C,9,RIO BRANCO|AC,Rio Branco (AC),AC,20,49,120.0,16,8,5,1,2,12,10,2
2011,C,10,AGUIA DE MARABA|PA,Águia de Marabá (PA),PA,20,50,110.0,13,8,4,1,3,11,8,3
2011,C,11,MADUREIRA|RJ,Madureira (RJ),RJ,20,51,100.0,10,8,3,1,4,7,8,-1
2011,C,12,GUARANY|CE,Guarany (CE),CE,20,52,90.0,9,8,2,3,3,9,9,0
2011,C,13,FORTALEZA|CE,Fortaleza (CE),CE,20,53,80.0,9,8,2,3,3,11,12,-1
2011,C,14,MACAE|RJ,Macaé (RJ),RJ,20,54,70.0,8,8,2,2,4,14,17,-3
2011,C,15,CAXIAS|RS,Caxias (RS),RS,20,55,60.0,8,8,2,2,4,11,14,-3
2011,C,16,SANTO ANDRE|SP,Santo André (SP),SP,20,56,50.0,8,8,2,2,4,8,13,-5
2011,C,17,CAMPINENSE|PB,Campinense (PB),PB,20,57,40.0,9,8,2,3,3,7,8,-1
2011,C,18,MARILIA|SP,Marília (SP),SP,20,58,30.0,8,8,2,2,4,11,17,-6
2011,C,19,BRASIL|RS,Brasil (RS),RS,20,59,20.0,2,8,2,2,4,11,15,-4
2011,C,20,ARAGUAINA|TO,Araguaína (TO),TO,20,60,10.0,1,8,0,1,7,3,19,-16
2011,D,1,TUPI|MG,Tupi (MG),MG,40,61,100.0,33,16,10,3,3,29,15,14
2011,D,2,SANTA CRUZ|PE,Santa Cruz (PE),PE,40,62,97.5,27,16,7,6,3,17,13,4
2011,D,3,CUIABA|MT,Cuiabá (MT),MT,40,63,95.0,25,14,8,1,5,30,18,12
2011,D,4,OESTE|SP,Oeste (SP),SP,40,64,92.5,20,14,6,2,6,18,19,-1
2011,D,5,TREZE|PB,Treze (PB),PB,40,65,90.0,23,12,7,2,3,23,15,8
2011,D,6,MIRASSOL|SP,Mirassol (SP),SP,40,66,87.5,20,12,6,2,4,14,14,0
2011,D,7,ANAPOLINA|GO,Anapolina (GO),GO,40,67,85.0,17,12,5,2,5,20,19,1
2011,D,8,INDEPENDENTE|PA,Independente (PA),PA,40,68,82.5,17,12,5,2,5,17,18,-1
2011,D,9,JUVENTUDE|RS,Juventude (RS),RS,40,69,80.0,22,10,7,1,2,22,11,11
2011,D,10,VILLA NOVA|MG,Villa Nova (MG),MG,40,70,77.5,19,10,6,1,3,13,8,5
2011,D,11,VOLTA REDONDA|RJ,Volta Redonda (RJ),RJ,40,71,75.0,18,10,5,3,2,14,7,7
2011,D,12,CORURIPE|AL,Coruripe (AL),AL,40,72,72.5,17,10,5,2,3,13,12,1
2011,D,13,PENAROL|AM,Penarol (AM),AM,40,73,70.0,17,10,5,2,3,11,11,0
2011,D,14,CIANORTE|PR,Cianorte (PR),PR,40,74,67.5,17,10,5,2,3,10,10,0
2011,D,15,SAMPAIO CORREA|MA,Sampaio Corrêa (MA),MA,40,75,65.0,16,10,5,1,4,19,12,7
2011,D,16,SANTA CRUZ|RN,Santa Cruz (RN),RN,40,76,62.5,16,10,5,1,4,10,12,-2
2011,D,17,ITUMBIARA|GO,Itumbiara (GO),GO,40,77,60.0,13,8,4,1,3,13,10,3
2011,D,18,CENE|MS,CENE (MS),MS,40,78,57.5,13,8,4,1,3,15,13,2
2011,D,19,BAHIA DE FEIRA|BA,Bahia de Feira (BA),BA,40,79,55.0,12,8,4,0,4,12,9,3
2011,D,20,PLACIDO DE CASTRO|AC,Plácido de Castro (AC),AC,40,80,52.5,12,8,3,3,2,16,9,7
2011,D,21,AUDAX RIO|RJ,Audax Rio (RJ),RJ,40,81,50.0,11,8,3,2,3,13,7,6
2011,D,22,GUARANI|CE,Guarani (CE),CE,40,82,47.5,11,8,3,2,3,7,4,3
2011,D,23,TREM|AP,Trem (AP),AP,40,83,45.0,11,8,3,2,3,8,11,-3
2011,D,24,OPERARIO|PR,Operário (PR),PR,40,84,42.5,10,8,3,1,4,7,9,-2
2011,D,25,BRUSQUE|SC,Brusque (SC),SC,40,85,40.0,10,8,3,1,4,6,11,-5
2011,D,26,SAO RAIMUNDO|PA,São Raimundo (PA),PA,40,86,37.5,10,8,2,4,2,9,8,1
2011,D,27,METROPOLITANO|SC,Metropolitano (SC),SC,40,87,35.0,9,8,3,0,5,14,16,-2
2011,D,28,ALECRIM|RN,Alecrim (RN),RN,40,88,32.5,9,8,3,0,5,7,12,-5
2011,D,29,GAMA|DF,Gama (DF),DF,40,89,30.0,9,8,2,3,3,8,9,-1
2011,D,30,FORMOSA|DF,Formosa (DF),DF,40,90,27.5,9,8,2,3,3,5,12,-7
2011,D,31,RIVER PLATE|SE,River Plate (SE),SE,40,91,25.0,8,8,2,2,4,10,12,-2
2011,D,32,NACIONAL|AM,Nacional (AM),AM,40,92,22.5,7,8,2,1,5,9,14,-5
2011,D,33,VITORIA DA CONQUISTA|BA,Vitória da Conquista (BA),BA,40,93,20.0,7,8,2,1,5,6,12,-6
2011,D,34,TOCANTINOPOLIS|TO,Tocantinópolis (TO),TO,40,94,17.5,7,8,2,1,5,10,18,-8
2011,D,35,COMERCIAL|PI,Comercial (PI),PI,40,95,15.0,7,8,2,1,5,6,15,-9
2011,D,36,VILA AURORA|MT,Vila Aurora (MT),MT,40,96,12.5,6,8,1,3,4,7,18,-11
2011,D,37,CERAMICA|RS,Cerâmica (RS),RS,40,97,10.0,5,8,1,2,5,6,9,-3
2011,D,38,CRUZEIRO|RS,Cruzeiro (RS),RS,40,98,7.5,5,8,1,2,5,6,11,-5
2011,D,39,PORTO|PE,Porto (PE),PE,40,99,5.0,5,8,1,2,5,6,11,-5
2011,D,40,SAO MATEUS|ES,São Mateus (ES),ES,40,100,2.5,3,8,0,3,5,7,19,-12
2012,A,1,FLUMINENSE|RJ,Fluminense (RJ),RJ,20,1,400.0,77,38,22,11,5,61,33,28
2012,A,2,ATLETICO|MG,Atlético (MG),MG,20,2,380.0,72,38,20,12,6,64,37,27
2012,A,3,GREMIO|RS,Grêmio (RS),RS,20,3,360.0,71,38,20,11,7,56,33,23
2012,A,4,SAO PAULO|SP,São Paulo (SP),SP,20,4,340.0,66,38,20,6,12,59,37,22
2012,A,5,VASCO|RJ,Vasco (RJ),RJ,20,5,320.0,58,38,16,10,12,45,44,1
2012,A,6,CORINTHIANS|SP,Corinthians (SP),SP,20,6,300.0,57,38,15,12,11,51,39,12
2012,A,7,BOTAFOGO|RJ,Botafogo (RJ),RJ,20,7,280.0,55,38,15,10,13,60,50,10
2012,A,8,SANTOS|SP,Santos (SP),SP,20,8,260.0,53,38,13,14,11,50,44,6
2012,A,9,CRUZEIRO|MG,Cruzeiro (MG),MG,20,9,240.0,52,38,15,7,16,47,51,-4
2012,A,10,INTERNACIONAL|RS,Internacional (RS),RS,20,10,220.0,52,38,13,13,12,44,40,4
2012,A,11,FLAMENGO|RJ,Flamengo (RJ),RJ,20,11,200.0,50,38,12,14,12,39,46,-7
2012,A,12,NAUTICO|PE,Náutico (PE),PE,20,12,180.0,49,38,14,7,17,44,51,-7
2012,A,13,CORITIBA|PR,Coritiba (PR),PR,20,13,160.0,48,38,14,6,18,53,60,-7
2012,A,14,PONTE PRETA|SP,Ponte Preta (SP),SP,20,14,140.0,48,38,12,12,14,37,44,-7
2012,A,15,BAHIA|BA,Bahia (BA),BA,20,15,120.0,47,38,11,14,13,37,41,-4
2012,A,16,PORTUGUESA|SP,Portuguesa (SP),SP,20,16,100.0,45,38,10,15,13,39,41,-2
2012,A,17,SPORT|PE,Sport (PE),PE,20,17,80.0,41,38,10,11,17,39,56,-17
2012,A,18,PALMEIRAS|SP,Palmeiras (SP),SP,20,18,60.0,34,38,9,7,22,39,54,-15
2012,A,19,ATLETICO|GO,Atlético (GO),GO,20,19,40.0,30,38,7,9,22,37,67,-30
2012,A,20,FIGUEIRENSE|SC,Figueirense (SC),SC,20,20,20.0,30,38,7,9,22,39,72,-33
2012,B,1,GOIAS|GO,Goiás (GO),GO,20,21,300.0,78,38,23,9,6,75,37,38
2012,B,2,CRICIUMA|SC,Criciúma (SC),SC,20,22,285.0,73,38,22,7,9,78,57,21
2012,B,3,ATLETICO|PR,Athletico Paranaense (PR),PR,20,23,270.0,71,38,21,8,9,65,37,28
2012,B,4,VITORIA|BA,Vitória (BA),BA,20,24,255.0,71,38,21,8,9,59,43,16
2012,B,5,SAO CAETANO|SP,São Caetano (SP),SP,20,25,240.0,71,38,20,11,7,58,38,20
2012,B,6,JOINVILLE|SC,Joinville (SC),SC,20,26,225.0,60,38,17,9,12,58,40,18
2012,B,7,AVAI|SC,Avaí (SC),SC,20,27,210.0,59,38,18,5,15,44,42,2
2012,B,8,AMERICA|MG,América (MG),MG,20,28,195.0,55,38,16,7,15,63,58,5
2012,B,9,AMERICA|RN,América (RN),RN,20,29,180.0,54,38,14,12,12,60,61,-1
2012,B,10,PARANA|PR,Paraná (PR),PR,20,30,165.0,52,38,14,10,14,50,47,3
2012,B,11,CEARA|CE,Ceará (CE),CE,20,31,150.0,47,38,12,11,15,51,52,-1
2012,B,12,ABC|RN,ABC (RN),RN,20,32,135.0,45,38,11,12,15,50,52,-2
2012,B,13,ASA|AL,ASA (AL),AL,20,33,120.0,44,38,13,5,20,48,56,-8
2012,B,14,BRAGANTINO|SP,Bragantino (SP),SP,20,34,105.0,44,38,12,8,18,45,53,-8
2012,B,15,BOA ESPORTE|MG,Boa Esporte (MG),MG,20,35,90.0,44,38,11,11,16,51,63,-12
2012,B,16,GUARATINGUETA|SP,Guaratinguetá (SP),SP,20,36,75.0,43,38,13,4,21,41,63,-22
2012,B,17,CRB|AL,CRB (AL),AL,20,37,60.0,42,38,12,6,20,47,67,-20
2012,B,18,GUARANI|SP,Guarani (SP),SP,20,38,45.0,41,38,10,11,17,36,47,-11
2012,B,19,IPATINGA|MG,Ipatinga (MG),MG,20,39,30.0,31,38,8,7,23,38,73,-35
2012,B,20,BARUERI|SP,Barueri (SP),SP,20,40,15.0,30,38,7,9,22,38,69,-31
2012,C,1,OESTE|SP,Oeste (SP),SP,20,41,200.0,41,24,11,8,5,29,21,8
2012,C,2,ICASA|CE,ICASA (CE),CE,20,42,190.0,32,24,9,5,10,24,26,-2
2012,C,3,CHAPECOENSE|SC,Chapecoense (SC),SC,20,43,180.0,33,22,9,6,7,27,14,13
2012,C,4,PAYSANDU|PA,Paysandu (PA),PA,20,44,170.0,30,22,7,9,6,34,26,8
2012,C,5,FORTALEZA|CE,Fortaleza (CE),CE,20,45,160.0,40,20,11,7,2,30,15,15
2012,C,6,LUVERDENSE|MT,Luverdense (MT),MT,20,46,150.0,37,20,11,4,5,33,29,4
2012,C,7,MACAE|RJ,Macaé (RJ),RJ,20,47,140.0,35,20,10,5,5,36,21,15
2012,C,8,DUQUE DE CAXIAS|RJ,Duque de Caxias (RJ),RJ,20,48,130.0,30,20,9,3,8,23,25,-2
2012,C,9,CAXIAS|RS,Caxias (RS),RS,20,49,120.0,27,18,8,3,7,23,26,-3
2012,C,10,BRASILIENSE|DF,Brasiliense (DF),DF,20,50,110.0,23,18,7,2,9,25,29,-4
2012,C,11,VILA NOVA|GO,Vila Nova (GO),GO,20,51,100.0,23,18,6,5,7,27,26,1
2012,C,12,MADUREIRA|RJ,Madureira (RJ),RJ,20,52,90.0,23,18,6,5,7,17,21,-4
2012,C,13,TREZE|PB,Treze (PB),PB,20,53,80.0,22,18,7,1,10,24,33,-9
2012,C,14,SANTA CRUZ|PE,Santa Cruz (PE),PE,20,54,70.0,22,18,5,7,6,26,22,4
2012,C,15,AGUIA DE MARABA|PA,Águia de Marabá (PA),PA,20,55,60.0,22,18,5,7,6,22,32,-10
2012,C,16,CUIABA|MT,Cuiabá (MT),MT,20,56,50.0,20,18,4,8,6,20,21,-1
2012,C,17,SALGUEIRO|PE,Salgueiro (PE),PE,20,57,40.0,20,18,4,8,6,25,29,-4
2012,C,18,SANTO ANDRE|SP,Santo André (SP),SP,20,58,30.0,18,18,3,9,6,14,22,-8
2012,C,19,GUARANY|CE,Guarany (CE),CE,20,59,20.0,14,18,3,4,10,20,29,-9
2012,C,20,TUPI|MG,Tupi (MG),MG,20,60,10.0,14,18,3,5,10,13,25,-12
2012,D,1,SAMPAIO CORREA|MA,Sampaio Corrêa (MA),MA,40,61,100.0,38,16,11,5,0,37,8,29
2012,D,2,CRAC|GO,CRAC (GO),GO,40,62,97.5,26,16,7,5,4,24,18,6
2012,D,3,BARAUNAS|RN,Baraúnas (RN),RN,40,63,95.0,26,14,7,5,2,19,10,9
2012,D,4,MOGI MIRIM|SP,Mogi Mirim (SP),SP,40,64,92.5,20,14,5,5,4,16,15,1
2012,D,5,CIANORTE|PR,Cianorte (PR),PR,40,65,90.0,24,12,7,3,2,21,10,11
2012,D,6,FRIBURGUENSE|RJ,Friburguense (RJ),RJ,40,66,87.5,23,12,6,5,1,18,8,10
2012,D,7,CAMPINENSE|PB,Campinense (PB),PB,40,67,85.0,19,12,5,4,3,14,12,2
2012,D,8,MIXTO|MT,Mixto (MT),MT,40,68,82.5,17,12,4,5,3,17,12,5
2012,D,9,CSA|AL,CSA (AL),AL,40,69,80.0,21,10,6,3,1,16,5,11
2012,D,10,REMO|PA,Remo (PA),PA,40,70,77.5,19,10,6,1,3,22,19,3
2012,D,11,METROPOLITANO|SC,Metropolitano (SC),SC,40,71,75.0,17,10,5,2,3,10,9,1
2012,D,12,VILHENA|RO,Vilhena (RO),RO,40,72,72.5,16,10,5,1,4,20,16,4
2012,D,13,NACIONAL|MG,Nacional (MG),MG,40,73,70.0,16,10,4,4,2,9,7,2
2012,D,14,JUVENTUDE|RS,Juventude (RS),RS,40,74,67.5,15,10,4,3,3,10,8,2
2012,D,15,CEILANDIA|DF,Ceilândia (DF),DF,40,75,65.0,15,10,4,3,3,15,16,-1
2012,D,16,SOUSA|PB,Sousa (PB),PB,40,76,62.5,13,10,3,4,3,7,8,-1
2012,D,17,CENE|MS,CENE (MS),MS,40,77,60.0,13,8,4,1,3,17,11,6
2012,D,18,ATLETICO ACREANO|AC,Atlético Acreano (AC),AC,40,78,57.5,13,8,4,1,3,19,15,4
2012,D,19,HORIZONTE|CE,Horizonte (CE),CE,40,79,55.0,13,8,3,4,1,9,5,4
2012,D,20,CERAMICA|RS,Cerâmica (RS),RS,40,80,52.5,11,8,3,2,3,10,7,3
2012,D,21,FEIRENSE|BA,Feirense (BA),BA,40,81,50.0,11,8,3,2,3,9,12,-3
2012,D,22,APARECIDENSE|GO,Aparecidense (GO),GO,40,82,47.5,10,8,3,1,4,11,15,-4
2012,D,23,ARAPONGAS|PR,Arapongas (PR),PR,40,83,45.0,10,8,2,4,2,6,6,0
2012,D,24,PENAROL|AM,Penarol (AM),AM,40,84,42.5,9,8,3,0,5,16,16,0
2012,D,25,BRASIL|RS,Brasil (RS),RS,40,85,40.0,9,8,2,3,3,6,7,-1
2012,D,26,ARACRUZ|ES,Aracruz (ES),ES,40,86,37.5,9,8,2,3,3,5,7,-2
2012,D,27,VOLTA REDONDA|RJ,Volta Redonda (RJ),RJ,40,87,35.0,8,8,2,2,4,5,6,-1
2012,D,28,YPIRANGA|PE,Ypiranga (PE),PE,40,88,32.5,8,8,2,2,4,13,15,-2
2012,D,29,COMERCIAL|PI,Comercial (PI),PI,40,89,30.0,8,8,2,2,4,6,13,-7
2012,D,30,MIRASSOL|SP,Mirassol (SP),SP,40,90,27.5,7,8,1,4,3,8,11,-3
2012,D,31,MARILIA|SP,Marília (SP),SP,40,91,25.0,7,8,1,4,3,7,15,-8
2012,D,32,NAUTICO|RR,Náutico (RR),RR,40,92,22.5,6,8,2,0,6,9,24,-15
2012,D,33,ITABAIANA|SE,Itabaiana (SE),SE,40,93,20.0,6,8,1,3,4,5,10,-5
2012,D,34,GUARANI|MG,Guarani (MG),MG,40,94,17.5,6,8,1,3,4,3,11,-8
2012,D,35,VITORIA DA CONQUISTA|BA,Vitória da Conquista (BA),BA,40,95,15.0,4,8,1,1,6,7,13,-6
2012,D,36,SANTOS|AP,Santos (AP),AP,40,96,12.5,4,8,1,4,3,9,16,-7
2012,D,37,CONCORDIA|SC,Concórdia (SC),SC,40,97,10.0,4,8,1,1,6,7,15,-8
2012,D,38,SOBRADINHO|DF,Sobradinho (DF),DF,40,98,7.5,3,8,0,3,5,8,16,-8
2012,D,39,PETROLINA|PE,Petrolina (PE),PE,40,99,5.0,3,8,0,3,5,9,19,-10
2012,D,40,ARAGUAINA|TO,Araguaína (TO),TO,40,100,2.5,3,8,0,3,5,4,17,-13
2013,A,1,CRUZEIRO|MG,Cruzeiro (MG),MG,20,1,400.0,76,38,23,7,8,77,37,40
2013,A,2,GREMIO|RS,Grêmio (RS),RS,20,2,380.0,65,38,18,11,9,42,35,7
2013,A,3,ATLETICO|PR,Athletico Paranaense (PR),PR,20,3,360.0,64,38,18,10,10,65,49,16
2013,A,4,BOTAFOGO|RJ,Botafogo (RJ),RJ,20,4,340.0,61,38,17,10,11,55,41,14
2013,A,5,VITORIA|BA,Vitória (BA),BA,20,5,320.0,59,38,16,11,11,59,53,6
2013,A,6,GOIAS|GO,Goiás (GO),GO,20,6,300.0,59,38,16,11,11,48,44,4
2013,A,7,SANTOS|SP,Santos (SP),SP,20,7,280.0,57,38,15,12,11,51,38,13
2013,A,8,ATLETICO|MG,Atlético (MG),MG,20,8,260.0,57,38,15,12,11,49,38,11
2013,A,9,SAO PAULO|SP,São Paulo (SP),SP,20,9,240.0,50,38,14,8,16,39,40,-1
2013,A,10,CORINTHIANS|SP,Corinthians (SP),SP,20,10,220.0,50,38,11,17,10,27,22,5
2013,A,11,CORITIBA|PR,Coritiba (PR),PR,20,11,200.0,48,38,12,12,14,42,45,-3
2013,A,12,BAHIA|BA,Bahia (BA),BA,20,12,180.0,48,38,12,12,14,37,45,-8
2013,A,13,INTERNACIONAL|RS,Internacional (RS),RS,20,13,160.0,48,38,11,15,12,51,52,-1
2013,A,14,CRICIUMA|SC,Criciúma (SC),SC,20,14,140.0,46,38,13,7,18,49,63,-14
2013,A,15,FLUMINENSE|RJ,Fluminense (RJ),RJ,20,15,120.0,46,38,12,10,16,43,47,-4
2013,A,16,FLAMENGO|RJ,Flamengo (RJ),RJ,20,16,100.0,45,38,12,13,13,43,46,-3
2013,A,17,PORTUGUESA|SP,Portuguesa (SP),SP,20,17,80.0,44,38,12,12,14,50,46,4
2013,A,18,VASCO|RJ,Vasco (RJ),RJ,20,18,60.0,44,38,11,11,16,50,61,-11
2013,A,19,PONTE PRETA|SP,Ponte Preta (SP),SP,20,19,40.0,37,38,9,10,19,37,55,-18
2013,A,20,NAUTICO|PE,Náutico (PE),PE,20,20,20.0,20,38,5,5,28,22,79,-57
2013,B,1,PALMEIRAS|SP,Palmeiras (SP),SP,20,21,300.0,79,38,24,7,7,71,28,43
2013,B,2,CHAPECOENSE|SC,Chapecoense (SC),SC,20,22,285.0,72,38,20,12,6,60,31,29
2013,B,3,SPORT|PE,Sport (PE),PE,20,23,270.0,63,38,20,3,15,64,56,8
2013,B,4,FIGUEIRENSE|SC,Figueirense (SC),SC,20,24,255.0,60,38,18,6,14,63,52,11
2013,B,5,ICASA|CE,ICASA (CE),CE,20,25,240.0,59,38,18,5,15,50,54,-4
2013,B,6,JOINVILLE|SC,Joinville (SC),SC,20,26,225.0,59,38,17,8,13,58,44,14
2013,B,7,CEARA|CE,Ceará (CE),CE,20,27,210.0,59,38,16,11,11,60,50,10
2013,B,8,PARANA|PR,Paraná (PR),PR,20,28,195.0,57,38,16,9,13,55,39,16
2013,B,9,AMERICA|MG,América (MG),MG,20,29,180.0,57,38,15,15,8,51,42,9
2013,B,10,AVAI|SC,Avaí (SC),SC,20,30,165.0,56,38,16,8,14,49,46,3
2013,B,11,BOA ESPORTE|MG,Boa Esporte (MG),MG,20,31,150.0,50,38,13,11,14,33,46,-13
2013,B,12,BRAGANTINO|SP,Bragantino (SP),SP,20,32,135.0,47,38,13,8,17,37,43,-6
2013,B,13,AMERICA|RN,América (RN),RN,20,33,120.0,47,38,11,14,13,48,56,-8
2013,B,14,ABC|RN,ABC (RN),RN,20,34,105.0,46,38,13,7,18,45,58,-13
2013,B,15,OESTE|SP,Oeste (SP),SP,20,35,90.0,46,38,11,13,14,44,58,-14
2013,B,16,ATLETICO|GO,Atlético (GO),GO,20,36,75.0,44,38,12,8,18,42,51,-9
2013,B,17,GUARATINGUETA|SP,Guaratinguetá (SP),SP,20,37,60.0,41,38,11,8,19,42,54,-12
2013,B,18,PAYSANDU|PA,Paysandu (PA),PA,20,38,45.0,40,38,10,10,18,40,56,-16
2013,B,19,SAO CAETANO|SP,São Caetano (SP),SP,20,39,30.0,36,38,9,9,20,45,59,-14
2013,B,20,ASA|AL,ASA (AL),AL,20,40,15.0,35,38,11,2,25,41,75,-34
2013,C,1,SANTA CRUZ|PE,Santa Cruz (PE),PE,21,41,200.0,50,26,15,5,6,40,22,18
2013,C,2,SAMPAIO CORREA|MA,Sampaio Corrêa (MA),MA,21,42,190.48,42,26,11,9,6,43,26,17
2013,C,3,LUVERDENSE|MT,Luverdense (MT),MT,21,43,180.95,40,24,12,4,8,35,25,10
2013,C,4,VILA NOVA|GO,Vila Nova (GO),GO,21,44,171.43,33,22,9,6,7,23,16,7
2013,C,5,TREZE|PB,Treze (PB),PB,21,45,161.9,36,22,11,3,8,28,35,-7
2013,C,6,MACAE|RJ,Macaé (RJ),RJ,21,46,152.38,32,20,9,5,6,31,26,5
2013,C,7,CAXIAS|RS,Caxias (RS),RS,21,47,142.86,29,20,8,5,7,18,19,-1
2013,C,8,BETIM|MG,Betim (MG),MG,21,48,133.33,28,20,7,7,6,22,20,2
2013,C,9,FORTALEZA|CE,Fortaleza (CE),CE,21,49,123.81,32,20,9,5,6,38,23,15
2013,C,10,CRB|AL,CRB (AL),AL,21,50,114.29,32,20,9,5,6,24,17,7
2013,C,11,AGUIA DE MARABA|PA,Águia de Marabá (PA),PA,21,51,104.76,31,20,9,4,7,30,27,3
2013,C,12,CUIABA|MT,Cuiabá (MT),MT,21,52,95.24,30,20,8,6,6,31,21,10
2013,C,13,MOGI MIRIM|SP,Mogi Mirim (SP),SP,21,53,85.71,27,18,8,3,7,23,18,5
2013,C,14,GUARANI|SP,Guarani (SP),SP,21,54,76.19,24,18,5,9,4,15,13,2
2013,C,15,DUQUE DE CAXIAS|RJ,Duque de Caxias (RJ),RJ,21,55,66.67,19,18,4,7,7,19,22,-3
2013,C,16,MADUREIRA|RJ,Madureira (RJ),RJ,21,56,57.14,19,18,3,10,5,17,17,0
2013,C,17,BRASILIENSE|DF,Brasiliense (DF),DF,21,57,47.62,30,20,8,6,6,20,21,-1
2013,C,18,CRAC|GO,CRAC (GO),GO,21,58,38.1,17,18,4,5,9,12,20,-6
2013,C,19,BARUERI|SP,Barueri (SP),SP,21,59,28.57,17,18,4,5,9,20,36,-16
2013,C,20,BARAUNAS|RN,Baraúnas (RN),RN,21,60,19.05,13,20,4,1,15,17,44,-27
2013,C,21,RIO BRANCO|AC,Rio Branco (AC),AC,21,61,9.52,6,20,2,0,18,8,46,-38
2013,D,1,BOTAFOGO|PB,Botafogo (PB),PB,40,61,100.0,35,16,11,2,3,28,15,13
2013,D,2,JUVENTUDE|RS,Juventude (RS),RS,40,62,97.5,26,16,8,2,6,20,15,5
2013,D,3,TUPI|MG,Tupi (MG),MG,40,63,95.0,30,14,9,3,2,25,18,7
2013,D,4,SALGUEIRO|PE,Salgueiro (PE),PE,40,64,92.5,21,14,5,6,3,23,15,8
2013,D,5,TIRADENTES|CE,Tiradentes (CE),CE,40,65,90.0,21,12,6,3,3,16,7,9
2013,D,6,MIXTO|MT,Mixto (MT),MT,40,66,87.5,20,12,6,2,4,12,10,2
2013,D,7,METROPOLITANO|SC,Metropolitano (SC),SC,40,67,85.0,19,12,5,4,3,15,11,4
2013,D,8,PLACIDO DE CASTRO|AC,Plácido de Castro (AC),AC,40,68,82.5,17,12,5,2,5,13,18,-5
2013,D,9,GURUPI|TO,Gurupi (TO),TO,40,69,80.0,18,10,6,0,4,14,18,-4
2013,D,10,SERGIPE|SE,Sergipe (SE),SE,40,70,77.5,18,10,5,3,2,18,9,9
2013,D,11,NACIONAL|AM,Nacional (AM),AM,40,71,75.0,17,10,5,2,3,23,16,7
2013,D,12,RESENDE|RJ,Resende (RJ),RJ,40,72,72.5,17,10,5,2,3,13,8,5
2013,D,13,APARECIDENSE|GO,Aparecidense (GO),GO,40,73,70.0,17,10,4,5,1,14,7,7
2013,D,14,CENTRAL|PE,Central (PE),PE,40,74,67.5,16,10,5,1,4,12,8,4
2013,D,15,LONDRINA|PR,Londrina (PR),PR,40,75,65.0,16,10,5,1,4,11,12,-1
2013,D,16,SANTO ANDRE|SP,Santo André (SP),SP,40,76,62.5,15,10,4,3,3,12,10,2
2013,D,17,GUARANY DE SOBRAL|CE,Guarany de Sobral (CE),CE,40,77,60.0,12,8,3,3,2,8,8,0
2013,D,18,PARAGOMINAS|PA,Paragominas (PA),PA,40,78,57.5,11,8,5,2,1,15,7,8
2013,D,19,MARCILIO DIAS|SC,Marcílio Dias (SC),SC,40,79,55.0,11,8,3,2,3,10,9,1
2013,D,20,PARNAHYBA|PI,Parnahyba (PI),PI,40,80,52.5,11,8,3,2,3,9,10,-1
2013,D,21,VITORIA DA CONQUISTA|BA,Vitória da Conquista (BA),BA,40,81,50.0,11,8,3,2,3,6,7,-1
2013,D,22,GOIANESIA|GO,Goianésia (GO),GO,40,82,47.5,10,8,3,1,4,10,10,0
2013,D,23,YPIRANGA|PE,Ypiranga (PE),PE,40,83,45.0,10,8,3,1,4,9,11,-2
2013,D,24,J MALUCELLI|PR,J.Malucelli (PR),PR,40,84,42.5,10,8,2,4,2,14,13,1
2013,D,25,PENAPOLENSE|SP,Penapolense (SP),SP,40,85,40.0,9,8,3,0,5,8,9,-1
2013,D,26,MARANHAO|MA,Maranhão (MA),MA,40,86,37.5,9,8,2,3,3,13,10,3
2013,D,27,BOTAFOGO|SP,Botafogo (SP),SP,40,87,35.0,9,8,2,3,3,8,7,1
2013,D,28,NOVA IGUACU|RJ,Nova Iguaçu (RJ),RJ,40,88,32.5,9,8,2,3,3,8,9,-1
2013,D,29,AGUIA NEGRA|MS,Águia Negra (MS),MS,40,89,30.0,9,8,2,3,3,8,12,-4
2013,D,30,LAJEADENSE|RS,Lajeadense (RS),RS,40,90,27.5,9,8,2,3,3,8,13,-5
2013,D,31,VILLA NOVA|MG,Villa Nova (MG),MG,40,91,25.0,8,8,2,2,4,6,11,-5
2013,D,32,JUAZEIRENSE|BA,Juazeirense (BA),BA,40,92,22.5,8,8,2,2,4,8,16,-8
2013,D,33,NAUTICO|RR,Náutico (RR),RR,40,93,20.0,7,8,2,1,5,11,16,-5
2013,D,34,ARACRUZ|ES,Aracruz (ES),ES,40,94,17.5,6,8,1,3,4,8,14,-6
2013,D,35,BRASILIA|DF,Brasília (DF),DF,40,95,15.0,5,8,1,2,5,8,14,-6
2013,D,36,GENUS|RO,Gênus (RO),RO,40,96,12.5,5,8,1,2,5,11,18,-7
2013,D,37,YPIRANGA|AP,Ypiranga (AP),AP,40,97,10.0,5,8,1,2,5,6,13,-7
2013,D,38,ARAXA|MG,Araxá (MG),MG,40,98,7.5,5,8,1,2,5,5,12,-7
2013,D,39,CSA|AL,CSA (AL),AL,40,99,5.0,4,8,1,1,6,6,13,-7
2013,D,40,POTIGUAR DE MOSSORO|RN,Potiguar de Mossoró (RN),RN,40,100,2.5,2,8,0,2,6,3,16,-13
2014,A,1,CRUZEIRO|MG,Cruzeiro (MG),MG,20,1,400.0,80,38,24,8,6,67,38,29
2014,A,2,SAO PAULO|SP,São Paulo (SP),SP,20,2,380.0,70,38,20,10,8,59,40,19
2014,A,3,INTERNACIONAL|RS,Internacional (RS),RS,20,3,360.0,69,38,21,6,11,53,41,12
2014,A,4,CORINTHIANS|SP,Corinthians (SP),SP,20,4,340.0,69,38,19,12,7,49,31,18
2014,A,5,ATLETICO|MG,Atlético (MG),MG,20,5,320.0,62,38,17,11,10,51,38,13
2014,A,6,FLUMINENSE|RJ,Fluminense (RJ),RJ,20,6,300.0,61,38,17,10,11,59,40,19
2014,A,7,GREMIO|RS,Grêmio (RS),RS,20,7,280.0,61,38,17,10,11,36,24,12
2014,A,8,ATLETICO|PR,Athletico Paranaense (PR),PR,20,8,260.0,54,38,15,9,14,43,42,1
2014,A,9,SANTOS|SP,Santos (SP),SP,20,9,240.0,53,38,15,8,15,42,35,7
2014,A,10,FLAMENGO|RJ,Flamengo (RJ),RJ,20,10,220.0,52,38,14,10,14,46,47,-1
2014,A,11,SPORT|PE,Sport (PE),PE,20,11,200.0,52,38,14,10,14,36,46,-10
2014,A,12,GOIAS|GO,Goiás (GO),GO,20,12,180.0,47,38,13,8,17,38,40,-2
2014,A,13,FIGUEIRENSE|SC,Figueirense (SC),SC,20,13,160.0,47,38,13,8,17,37,47,-10
2014,A,14,CORITIBA|PR,Coritiba (PR),PR,20,14,140.0,47,38,12,11,15,42,45,-3
2014,A,15,CHAPECOENSE|SC,Chapecoense (SC),SC,20,15,120.0,43,38,11,10,17,39,44,-5
2014,A,16,PALMEIRAS|SP,Palmeiras (SP),SP,20,16,100.0,40,38,11,7,20,34,59,-25
2014,A,17,VITORIA|BA,Vitória (BA),BA,20,17,80.0,39,38,10,9,19,38,54,-16
2014,A,18,BAHIA|BA,Bahia (BA),BA,20,18,60.0,37,38,9,10,19,31,43,-12
2014,A,19,BOTAFOGO|RJ,Botafogo (RJ),RJ,20,19,40.0,34,38,9,7,22,31,48,-17
2014,A,20,CRICIUMA|SC,Criciúma (SC),SC,20,20,20.0,32,38,7,9,20,28,56,-28
2014,B,1,JOINVILLE|SC,Joinville (SC),SC,20,21,300.0,70,38,21,7,10,54,33,21
2014,B,2,PONTE PRETA|SP,Ponte Preta (SP),SP,20,22,285.0,69,38,19,12,7,61,38,23
2014,B,3,VASCO|RJ,Vasco (RJ),RJ,20,23,270.0,63,38,16,15,7,50,36,14
2014,B,4,AVAI|SC,Avaí (SC),SC,20,24,255.0,62,38,18,8,12,47,40,7
2014,B,5,AMERICA|MG,América (MG),MG,20,25,240.0,61,38,20,7,11,59,39,20
2014,B,6,BOA ESPORTE|MG,Boa Esporte (MG),MG,20,26,225.0,59,38,18,5,15,51,48,3
2014,B,7,ATLETICO|GO,Atlético (GO),GO,20,27,210.0,59,38,17,8,13,54,49,5
2014,B,8,CEARA|CE,Ceará (CE),CE,20,28,195.0,57,38,16,9,13,58,53,5
2014,B,9,SANTA CRUZ|PE,Santa Cruz (PE),PE,20,29,180.0,55,38,14,13,11,51,38,13
2014,B,10,SAMPAIO CORREA|MA,Sampaio Corrêa (MA),MA,20,30,165.0,53,38,13,14,11,54,46,8
2014,B,11,PARANA|PR,Paraná (PR),PR,20,31,150.0,51,38,13,12,13,45,43,2
2014,B,12,LUVERDENSE|MT,Luverdense (MT),MT,20,32,135.0,50,38,15,5,18,40,46,-6
2014,B,13,NAUTICO|PE,Náutico (PE),PE,20,33,120.0,50,38,14,8,16,40,47,-7
2014,B,14,ABC|RN,ABC (RN),RN,20,34,105.0,51,38,15,6,17,36,38,-2
2014,B,15,OESTE|SP,Oeste (SP),SP,20,35,90.0,48,38,12,12,14,39,48,-9
2014,B,16,BRAGANTINO|SP,Bragantino (SP),SP,20,36,75.0,46,38,13,7,18,45,55,-10
2014,B,17,AMERICA|RN,América (RN),RN,20,37,60.0,43,38,12,7,19,44,53,-9
2014,B,18,ICASA|CE,ICASA (CE),CE,20,38,45.0,43,38,11,10,17,34,43,-9
2014,B,19,VILA NOVA|GO,Vila Nova (GO),GO,20,39,30.0,32,38,10,2,26,35,70,-35
2014,B,20,PORTUGUESA|SP,Portuguesa (SP),SP,20,40,15.0,25,38,4,13,21,29,59,-30
2014,C,1,MACAE|RJ,Macaé (RJ),RJ,20,41,200.0,34,24,8,10,6,24,22,2
2014,C,2,PAYSANDU|PA,Paysandu (PA),PA,20,42,190.0,37,24,10,7,7,33,25,8
2014,C,3,MOGI MIRIM|SP,Mogi Mirim (SP),SP,20,43,180.0,38,22,11,5,6,26,27,-1
2014,C,4,CRB|AL,CRB (AL),AL,20,44,170.0,34,22,9,7,6,27,22,5
2014,C,5,FORTALEZA|CE,Fortaleza (CE),CE,20,45,160.0,37,20,9,10,1,24,12,12
2014,C,6,TUPI|MG,Tupi (MG),MG,20,46,150.0,34,20,9,7,4,31,16,15
2014,C,7,SALGUEIRO|PE,Salgueiro (PE),PE,20,47,140.0,28,20,7,7,6,20,23,-3
2014,C,8,MADUREIRA|RJ,Madureira (RJ),RJ,20,48,130.0,26,20,7,5,8,21,21,0
2014,C,9,ASA|AL,ASA (AL),AL,20,49,120.0,25,18,7,4,7,23,22,1
2014,C,10,GUARATINGUETA|SP,Guaratinguetá (SP),SP,20,50,110.0,25,18,6,7,5,32,18,14
2014,C,11,JUVENTUDE|RS,Juventude (RS),RS,20,51,100.0,25,18,6,7,5,16,14,2
2014,C,12,BOTAFOGO|PB,Botafogo (PB),PB,20,52,90.0,25,18,6,7,5,20,19,1
2014,C,13,GUARANI|SP,Guarani (SP),SP,20,53,80.0,24,18,5,9,4,14,15,-1
2014,C,14,CUIABA|MT,Cuiabá (MT),MT,20,54,70.0,23,18,6,5,7,19,19,0
2014,C,15,CAXIAS|RS,Caxias (RS),RS,20,55,60.0,22,18,5,7,6,17,20,-3
2014,C,16,AGUIA DE MARABA|PA,Águia de Marabá (PA),PA,20,56,50.0,20,18,5,5,8,21,25,-4
2014,C,17,SAO CAETANO|SP,São Caetano (SP),SP,20,57,40.0,21,18,6,3,9,13,19,-6
2014,C,18,TREZE|PB,Treze (PB),PB,20,58,30.0,19,18,4,7,7,19,25,-6
2014,C,19,CRAC|GO,CRAC (GO),GO,20,59,20.0,10,18,2,7,9,14,26,-12
2014,C,20,DUQUE DE CAXIAS|RJ,Duque de Caxias (RJ),RJ,20,60,10.0,7,18,1,4,13,10,32,-22
2014,D,1,TOMBENSE|MG,Tombense (MG),MG,41,61,100.0,32,16,9,5,2,23,10,13
2014,D,2,BRASIL|RS,Brasil (RS),RS,41,62,97.56,29,16,8,5,3,20,10,10
2014,D,3,LONDRINA|PR,Londrina (PR),PR,41,63,95.12,29,14,8,5,1,22,9,13
2014,D,4,CONFIANCA|SE,Confiança (SE),SE,41,64,92.68,27,14,7,6,1,21,8,13
2014,D,5,BRASILIENSE|DF,Brasiliense (DF),DF,41,65,90.24,23,12,6,5,1,20,10,10
2014,D,6,MOTO CLUB|MA,Moto Club (MA),MA,41,66,87.8,20,12,5,5,2,18,14,4
2014,D,7,ANAPOLINA|GO,Anapolina (GO),GO,41,67,85.37,16,12,3,7,2,14,12,2
2014,D,8,JACUIPENSE|BA,Jacuipense (BA),BA,41,68,82.93,17,12,5,3,4,17,15,2
2014,D,9,RIO BRANCO|AC,Rio Branco (AC),AC,41,69,80.49,22,12,6,4,2,20,9,11
2014,D,10,GLOBO|RN,Globo (RN),RN,41,70,78.05,19,10,6,1,3,18,12,6
2014,D,11,OPERARIO|MT,Operário (MT),MT,41,71,75.61,17,10,5,2,3,12,10,2
2014,D,12,ITUANO|SP,Ituano (SP),SP,41,72,73.17,16,10,5,1,4,11,9,2
2014,D,13,SANTOS|AP,Santos (AP),AP,41,73,70.73,16,12,5,1,6,16,18,-2
2014,D,14,REMO|PA,Remo (PA),PA,41,74,68.29,15,10,4,3,3,17,13,4
2014,D,15,METROPOLITANO|SC,Metropolitano (SC),SC,41,75,65.85,13,10,3,4,3,17,12,5
2014,D,16,CENTRAL|PE,Central (PE),PE,41,76,63.41,13,10,3,4,3,13,8,5
2014,D,17,PRINCESA|AM,Princesa (AM),AM,41,77,60.98,16,10,5,1,4,15,14,1
2014,D,18,PORTO|PE,Porto (PE),PE,41,78,58.54,15,8,4,3,1,10,5,5
2014,D,19,LUZIANIA|DF,Luziânia (DF),DF,41,79,56.1,14,8,4,2,2,11,7,4
2014,D,20,ATLETICO ACREANO|AC,Atlético Acreano (AC),AC,41,80,53.66,14,10,4,2,4,15,14,1
2014,D,21,GENUS|RO,Gênus (RO),RO,41,81,51.22,13,10,4,1,5,9,12,-3
2014,D,22,PENAPOLENSE|SP,Penapolense (SP),SP,41,82,48.78,12,8,3,3,2,11,6,5
2014,D,23,ESTRELA DO NORTE|ES,Estrela do Norte (ES),ES,41,83,46.34,12,8,3,3,2,11,11,0
2014,D,24,MARINGA|PR,Maringá (PR),PR,41,84,43.9,11,8,3,2,3,11,8,3
2014,D,25,CABOFRIENSE|RJ,Cabofriense (RJ),RJ,41,85,41.46,10,8,3,1,4,9,13,-4
2014,D,26,CORURIPE|AL,Coruripe (AL),AL,41,86,39.02,10,8,2,4,2,7,8,-1
2014,D,27,RIVER|PI,Ríver (PI),PI,41,87,36.59,9,8,3,4,1,16,9,7
2014,D,28,CAMPINENSE|PB,Campinense (PB),PB,41,88,34.15,9,8,2,3,3,7,10,-3
2014,D,29,BARAUNAS|RN,Baraúnas (RN),RN,41,89,31.71,8,8,2,2,4,8,14,-6
2014,D,30,GOIANESIA|GO,Goianésia (GO),GO,41,90,29.27,7,8,2,1,5,8,16,-8
2014,D,31,ITAPORA|MS,Itaporã (MS),MS,41,91,26.83,7,8,2,1,5,5,16,-11
2014,D,32,SAO RAIMUNDO|RR,São Raimundo (RR),RR,41,92,24.39,7,10,2,1,7,10,24,-14
2014,D,33,PELOTAS|RS,Pelotas (RS),RS,41,93,21.95,7,8,1,4,3,10,16,-6
2014,D,34,GUARANY|CE,Guarany (CE),CE,41,94,19.51,6,8,2,0,6,9,20,-11
2014,D,35,GUARANI|SC,Guarani (SC),SC,41,95,17.07,6,8,1,3,4,5,10,-5
2014,D,36,INTERPORTO|TO,Interporto (TO),TO,41,96,14.63,5,8,1,2,5,9,16,-7
2014,D,37,BARUERI|SP,Barueri (SP),SP,41,97,12.2,3,8,1,0,7,4,15,-11
2014,D,38,BOAVISTA|RJ,Boavista (RJ),RJ,41,98,9.76,3,8,0,3,5,6,18,-12
2014,D,39,VITORIA DA CONQUISTA|BA,Vitória da Conquista (BA),BA,41,99,7.32,3,8,0,3,5,4,16,-12
2014,D,40,BETIM|MG,Betim (MG),MG,41,100,4.88,2,8,0,2,6,8,18,-10
2014,D,41,VILLA NOVA|MG,Villa Nova (MG),MG,41,101,2.44,-9,8,1,2,5,11,13,-2
2015,A,1,CORINTHIANS|SP,Corinthians (SP),SP,20,1,400.0,81,38,24,9,5,71,31,40
2015,A,2,ATLETICO|MG,Atlético (MG),MG,20,2,380.0,69,38,21,6,11,65,47,18
2015,A,3,GREMIO|RS,Grêmio (RS),RS,20,3,360.0,68,38,20,8,10,52,32,20
2015,A,4,SAO PAULO|SP,São Paulo (SP),SP,20,4,340.0,62,38,18,8,12,53,47,6
2015,A,5,INTERNACIONAL|RS,Internacional (RS),RS,20,5,320.0,60,38,17,9,12,39,38,1
2015,A,6,SPORT|PE,Sport (PE),PE,20,6,300.0,59,38,15,14,9,53,38,15
2015,A,7,SANTOS|SP,Santos (SP),SP,20,7,280.0,58,38,16,10,12,59,41,18
2015,A,8,CRUZEIRO|MG,Cruzeiro (MG),MG,20,8,260.0,55,38,15,10,13,44,35,9
2015,A,9,PALMEIRAS|SP,Palmeiras (SP),SP,20,9,240.0,53,38,15,8,15,60,51,9
2015,A,10,ATLETICO|PR,Athletico Paranaense (PR),PR,20,10,220.0,51,38,14,9,15,43,48,-5
2015,A,11,PONTE PRETA|SP,Ponte Preta (SP),SP,20,11,200.0,51,38,13,12,13,41,40,1
2015,A,12,FLAMENGO|RJ,Flamengo (RJ),RJ,20,12,180.0,49,38,15,4,19,45,53,-8
2015,A,13,FLUMINENSE|RJ,Fluminense (RJ),RJ,20,13,160.0,47,38,14,5,19,40,49,-9
2015,A,14,CHAPECOENSE|SC,Chapecoense (SC),SC,20,14,140.0,47,38,12,11,15,34,44,-10
2015,A,15,CORITIBA|PR,Coritiba (PR),PR,20,15,120.0,44,38,11,11,16,31,42,-11
2015,A,16,FIGUEIRENSE|SC,Figueirense (SC),SC,20,16,100.0,43,38,11,10,17,36,50,-14
2015,A,17,AVAI|SC,Avaí (SC),SC,20,17,80.0,42,38,11,9,18,38,60,-22
2015,A,18,VASCO|RJ,Vasco (RJ),RJ,20,18,60.0,41,38,10,11,17,28,54,-26
2015,A,19,GOIAS|GO,Goiás (GO),GO,20,19,40.0,38,38,10,8,20,38,48,-10
2015,A,20,JOINVILLE|SC,Joinville (SC),SC,20,20,20.0,31,38,7,10,21,26,48,-22
2015,B,1,BOTAFOGO|RJ,Botafogo (RJ),RJ,20,21,300.0,72,38,21,9,8,60,30,30
2015,B,2,SANTA CRUZ|PE,Santa Cruz (PE),PE,20,22,285.0,67,38,20,7,11,63,43,20
2015,B,3,VITORIA|BA,Vitória (BA),BA,20,23,270.0,66,38,19,9,10,58,40,18
2015,B,4,AMERICA|MG,América (MG),MG,20,24,255.0,65,38,19,8,11,55,39,16
2015,B,5,NAUTICO|PE,Náutico (PE),PE,20,25,240.0,63,38,18,9,11,49,42,7
2015,B,6,BRAGANTINO|SP,Bragantino (SP),SP,20,26,225.0,60,38,19,3,16,56,56,0
2015,B,7,PAYSANDU|PA,Paysandu (PA),PA,20,27,210.0,60,38,17,9,12,49,40,9
2015,B,8,SAMPAIO CORREA|MA,Sampaio Corrêa (MA),MA,20,28,195.0,58,38,15,13,10,51,43,8
2015,B,9,BAHIA|BA,Bahia (BA),BA,20,29,180.0,58,38,15,13,10,48,41,7
2015,B,10,LUVERDENSE|MT,Luverdense (MT),MT,20,30,165.0,54,38,15,9,14,46,40,6
2015,B,11,CRB|AL,CRB (AL),AL,20,31,150.0,54,38,15,9,14,47,45,2
2015,B,12,CRICIUMA|SC,Criciúma (SC),SC,20,32,135.0,49,38,12,13,13,36,41,-5
2015,B,13,PARANA|PR,Paraná (PR),PR,20,33,120.0,47,38,12,11,15,39,43,-4
2015,B,14,ATLETICO|GO,Atlético (GO),GO,20,34,105.0,46,38,11,13,14,36,46,-10
2015,B,15,CEARA|CE,Ceará (CE),CE,20,35,90.0,45,38,12,9,17,42,50,-8
2015,B,16,OESTE|SP,Oeste (SP),SP,20,36,75.0,44,38,10,14,14,37,45,-8
2015,B,17,MACAE|RJ,Macaé (RJ),RJ,20,37,60.0,43,38,10,13,15,46,54,-8
2015,B,18,ABC|RN,ABC (RN),RN,20,38,45.0,32,38,6,14,18,41,64,-23
2015,B,19,BOA ESPORTE|MG,Boa Esporte (MG),MG,20,39,30.0,31,38,7,10,21,34,54,-20
2015,B,20,MOGI MIRIM|SP,Mogi Mirim (SP),SP,20,40,15.0,23,38,4,11,23,32,69,-37
2015,C,1,VILA NOVA|GO,Vila Nova (GO),GO,20,41,200.0,44,24,13,5,6,31,16,15
2015,C,2,LONDRINA|PR,Londrina (PR),PR,20,42,190.0,43,24,11,10,3,26,18,8
2015,C,3,TUPI|MG,Tupi (MG),MG,20,43,180.0,38,22,10,8,4,22,16,6
2015,C,4,BRASIL|RS,Brasil (RS),RS,20,44,170.0,35,22,8,11,3,31,20,11
2015,C,5,FORTALEZA|CE,Fortaleza (CE),CE,20,45,160.0,37,20,10,7,3,30,15,15
2015,C,6,ASA|AL,ASA (AL),AL,20,46,150.0,35,20,10,5,5,25,21,4
2015,C,7,CONFIANCA|SE,Confiança (SE),SE,20,47,140.0,32,20,9,5,6,25,17,8
2015,C,8,PORTUGUESA|SP,Portuguesa (SP),SP,20,48,130.0,30,20,9,3,8,31,26,5
2015,C,9,AMERICA|RN,América (RN),RN,20,49,120.0,29,18,8,5,5,23,17,6
2015,C,10,JUVENTUDE|RS,Juventude (RS),RS,20,50,110.0,29,18,7,8,3,30,21,9
2015,C,11,GUARANI|SP,Guarani (SP),SP,20,51,100.0,29,18,7,8,3,23,17,6
2015,C,12,BOTAFOGO|PB,Botafogo (PB),PB,20,52,90.0,23,18,6,5,7,25,28,-3
2015,C,13,CUIABA|MT,Cuiabá (MT),MT,20,53,80.0,19,18,5,4,9,20,25,-5
2015,C,14,SALGUEIRO|PE,Salgueiro (PE),PE,20,54,70.0,19,18,4,7,7,15,20,-5
2015,C,15,TOMBENSE|MG,Tombense (MG),MG,20,55,60.0,17,18,3,8,7,16,19,-3
2015,C,16,GUARATINGUETA|SP,Guaratinguetá (SP),SP,20,56,50.0,16,18,4,4,10,19,30,-11
2015,C,17,AGUIA DE MARABA|PA,Águia de Marabá (PA),PA,20,57,40.0,15,18,3,6,9,19,28,-9
2015,C,18,MADUREIRA|RJ,Madureira (RJ),RJ,20,58,30.0,13,18,1,10,7,19,34,-15
2015,C,19,CAXIAS|RS,Caxias (RS),RS,20,59,20.0,8,18,0,8,10,14,29,-15
2015,C,20,ICASA|CE,ICASA (CE),CE,20,60,10.0,7,18,2,1,15,15,42,-27
2015,D,1,BOTAFOGO|SP,Botafogo (SP),SP,40,61,100.0,28,16,7,7,2,20,9,11
2015,D,2,RIVER|PI,Ríver (PI),PI,40,62,97.5,27,16,7,6,3,20,11,9
2015,D,3,REMO|PA,Remo (PA),PA,40,63,95.0,27,14,8,3,3,20,9,11
2015,D,4,YPIRANGA|RS,Ypiranga (RS),RS,40,64,92.5,27,14,8,3,3,15,7,8
2015,D,5,SAO CAETANO|SP,São Caetano (SP),SP,40,65,90.0,23,12,7,1,4,25,8,17
2015,D,6,LAJEADENSE|RS,Lajeadense (RS),RS,40,66,87.5,22,12,6,4,2,18,14,4
2015,D,7,CALDENSE|MG,Caldense (MG),MG,40,67,85.0,20,12,5,5,2,12,7,5
2015,D,8,OPERARIO|PR,Operário (PR),PR,40,68,82.5,19,12,6,1,5,13,13,0
2015,D,9,CRAC|GO,CRAC (GO),GO,40,69,80.0,21,10,6,3,1,8,4,4
2015,D,10,ESTANCIANO|SE,Estanciano (SE),SE,40,70,77.5,18,10,6,0,4,16,15,1
2015,D,11,RIO BRANCO|ES,Rio Branco (ES),ES,40,71,75.0,18,10,5,3,2,13,9,4
2015,D,12,CAMPINENSE|PB,Campinense (PB),PB,40,72,72.5,17,10,5,2,3,11,6,5
2015,D,13,PALMAS|TO,Palmas (TO),TO,40,73,70.0,17,10,5,2,3,8,7,1
2015,D,14,CENTRAL|PE,Central (PE),PE,40,74,67.5,16,10,5,1,4,12,11,1
2015,D,15,CORURIPE|AL,Coruripe (AL),AL,40,75,65.0,16,10,4,4,2,16,13,3
2015,D,16,RIO BRANCO|AC,Rio Branco (AC),AC,40,76,62.5,15,10,4,3,3,10,10,0
2015,D,17,TREZE|PB,Treze (PB),PB,40,77,60.0,15,8,4,3,1,11,5,6
2015,D,18,APARECIDENSE|GO,Aparecidense (GO),GO,40,78,57.5,13,8,3,4,1,9,5,4
2015,D,19,GAMA|DF,Gama (DF),DF,40,79,55.0,13,8,3,4,1,9,6,3
2015,D,20,SANTOS|AP,Santos (AP),AP,40,80,52.5,10,8,3,1,4,8,11,-3
2015,D,21,VOLTA REDONDA|RJ,Volta Redonda (RJ),RJ,40,81,50.0,9,8,3,0,5,10,14,-4
2015,D,22,RESENDE|RJ,Resende (RJ),RJ,40,82,47.5,9,8,2,3,3,9,10,-1
2015,D,23,NACIONAL|AM,Nacional (AM),AM,40,83,45.0,8,8,2,2,4,10,12,-2
2015,D,24,IMPERATRIZ|MA,Imperatriz (MA),MA,40,84,42.5,8,8,2,2,4,11,11,0
2015,D,25,SERRA TALHADA|PE,Serra Talhada (PE),PE,40,85,40.0,8,8,2,2,4,7,9,-2
2015,D,26,COLO COLO|BA,Colo-Colo (BA),BA,40,86,37.5,8,8,3,2,3,9,12,-3
2015,D,27,RED BULL BRASIL|SP,Red Bull Brasil (SP),SP,40,87,35.0,8,8,2,2,4,5,8,-3
2015,D,28,METROPOLITANO|SC,Metropolitano (SC),SC,40,88,32.5,8,8,2,2,4,8,12,-4
2015,D,29,GLOBO|RN,Globo (RN),RN,40,89,30.0,8,8,2,2,4,5,10,-5
2015,D,30,DUQUE DE CAXIAS|RJ,Duque de Caxias (RJ),RJ,40,90,27.5,7,8,2,1,5,10,11,-1
2015,D,31,INTER DE LAGES|SC,Inter de Lages (SC),SC,40,91,25.0,7,8,2,1,5,6,9,-3
2015,D,32,COMERCIAL|MS,Comercial (MS),MS,40,92,22.5,7,8,2,1,5,6,10,-4
2015,D,33,VILHENA|RO,Vilhena (RO),RO,40,93,20.0,6,8,1,3,4,8,14,-6
2015,D,34,GOIANESIA|GO,Goianésia (GO),GO,40,94,17.5,5,8,1,2,5,3,10,-7
2015,D,35,SERRANO|BA,Serrano (BA),BA,40,95,15.0,5,8,1,2,5,6,14,-8
2015,D,36,FOZ DO IGUACU|PR,Foz do Iguaçu (PR),PR,40,96,12.5,5,8,1,2,5,10,21,-11
2015,D,37,GUARANI|CE,Guarani (CE),CE,40,97,10.0,5,8,0,5,3,4,9,-5
2015,D,38,NAUTICO|RR,Náutico (RR),RR,40,98,7.5,4,8,2,2,4,8,11,-3
2015,D,39,OPERARIO|MT,Operário (MT),MT,40,99,5.0,4,8,1,1,6,7,16,-9
2015,D,40,VILLA NOVA|MG,Villa Nova (MG),MG,40,100,2.5,3,8,1,0,7,9,23,-14
2016,A,1,PALMEIRAS|SP,Palmeiras (SP),SP,20,1,400.0,80,38,24,8,6,62,32,30
2016,A,2,SANTOS|SP,Santos (SP),SP,20,2,380.0,71,38,22,5,11,59,34,24
2016,A,3,FLAMENGO|RJ,Flamengo (RJ),RJ,20,3,360.0,71,38,20,11,7,52,35,17
2016,A,4,ATLETICO|MG,Atlético (MG),MG,20,4,340.0,62,38,17,11,10,61,53,8
2016,A,5,BOTAFOGO|RJ,Botafogo (RJ),RJ,20,5,320.0,59,38,17,8,13,43,39,4
2016,A,6,ATLETICO|PR,Athletico Paranaense (PR),PR,20,6,300.0,57,38,17,6,15,38,32,6
2016,A,7,CORINTHIANS|SP,Corinthians (SP),SP,20,7,280.0,55,38,15,10,13,48,42,6
2016,A,8,PONTE PRETA|SP,Ponte Preta (SP),SP,20,8,260.0,53,38,15,8,15,48,52,-4
2016,A,9,GREMIO|RS,Grêmio (RS),RS,20,9,240.0,53,38,14,11,13,41,44,-3
2016,A,10,SAO PAULO|SP,São Paulo (SP),SP,20,10,220.0,52,38,14,10,14,44,36,8
2016,A,11,CHAPECOENSE|SC,Chapecoense (SC),SC,20,11,200.0,52,38,13,13,12,49,56,-7
2016,A,12,CRUZEIRO|MG,Cruzeiro (MG),MG,20,12,180.0,51,38,14,9,15,48,49,-1
2016,A,13,FLUMINENSE|RJ,Fluminense (RJ),RJ,20,13,160.0,50,38,13,11,14,45,45,0
2016,A,14,SPORT|PE,Sport (PE),PE,20,14,140.0,47,38,13,8,17,49,55,-6
2016,A,15,CORITIBA|PR,Coritiba (PR),PR,20,15,120.0,46,38,11,13,14,41,42,-1
2016,A,16,VITORIA|BA,Vitória (BA),BA,20,16,100.0,45,38,12,9,17,51,53,-2
2016,A,17,INTERNACIONAL|RS,Internacional (RS),RS,20,17,80.0,43,38,11,10,17,35,41,-6
2016,A,18,FIGUEIRENSE|SC,Figueirense (SC),SC,20,18,60.0,37,38,8,13,17,30,50,-20
2016,A,19,SANTA CRUZ|PE,Santa Cruz (PE),PE,20,19,40.0,31,38,8,7,23,45,69,-24
2016,A,20,AMERICA|MG,América (MG),MG,20,20,20.0,28,38,7,7,24,23,58,-35
2016,B,1,ATLETICO|GO,Atlético (GO),GO,20,21,300.0,76,38,22,10,6,60,35,25
2016,B,2,VASCO|RJ,Vasco (RJ),RJ,20,22,285.0,65,38,19,8,11,54,41,13
2016,B,3,AVAI|SC,Avaí (SC),SC,20,23,270.0,66,38,19,9,10,45,34,11
2016,B,4,BAHIA|BA,Bahia (BA),BA,20,24,255.0,63,38,18,9,11,57,34,23
2016,B,5,NAUTICO|PE,Náutico (PE),PE,20,25,240.0,60,38,18,6,14,55,43,12
2016,B,6,LONDRINA|PR,Londrina (PR),PR,20,26,225.0,60,38,16,12,10,40,29,11
2016,B,7,CRB|AL,CRB (AL),AL,20,27,210.0,58,38,17,7,14,57,54,3
2016,B,8,CRICIUMA|SC,Criciúma (SC),SC,20,28,195.0,56,38,16,8,14,49,46,3
2016,B,9,LUVERDENSE|MT,Luverdense (MT),MT,20,29,180.0,55,38,13,16,9,43,39,4
2016,B,10,CEARA|CE,Ceará (CE),CE,20,30,165.0,54,38,14,12,12,49,47,2
2016,B,11,BRASIL|RS,Brasil (RS),RS,20,31,150.0,54,38,14,12,12,40,38,2
2016,B,12,VILA NOVA|GO,Vila Nova (GO),GO,20,32,135.0,53,38,15,8,15,54,52,2
2016,B,13,GOIAS|GO,Goiás (GO),GO,20,33,120.0,50,38,13,11,14,49,48,1
2016,B,14,PAYSANDU|PA,Paysandu (PA),PA,20,34,105.0,49,38,11,16,11,40,44,-4
2016,B,15,PARANA|PR,Paraná (PR),PR,20,35,90.0,41,38,10,11,17,39,55,-16
2016,B,16,OESTE|SP,Oeste (SP),SP,20,36,75.0,41,38,8,17,13,32,46,-14
2016,B,17,JOINVILLE|SC,Joinville (SC),SC,20,37,60.0,40,38,9,13,16,32,42,-10
2016,B,18,TUPI|MG,Tupi (MG),MG,20,38,45.0,33,38,8,9,21,40,56,-16
2016,B,19,BRAGANTINO|SP,Bragantino (SP),SP,20,39,30.0,32,38,8,8,22,30,54,-24
2016,B,20,SAMPAIO CORREA|MA,Sampaio Corrêa (MA),MA,20,40,15.0,27,38,5,12,21,29,57,-28
2016,C,1,BOA ESPORTE|MG,Boa Esporte (MG),MG,20,41,200.0,49,24,14,7,3,37,13,24
2016,C,2,GUARANI|SP,Guarani (SP),SP,20,42,190.0,45,24,13,6,5,37,22,15
2016,C,3,ABC|RN,ABC (RN),RN,20,43,180.0,37,22,10,7,5,29,21,8
2016,C,4,JUVENTUDE|RS,Juventude (RS),RS,20,44,170.0,32,22,8,8,6,31,23,8
2016,C,5,BOTAFOGO|SP,Botafogo (SP),SP,20,45,160.0,32,20,8,8,4,28,14,13
2016,C,6,FORTALEZA|CE,Fortaleza (CE),CE,20,46,150.0,32,20,8,8,4,27,18,9
2016,C,7,BOTAFOGO|PB,Botafogo (PB),PB,20,47,140.0,29,20,7,8,5,19,14,5
2016,C,8,ASA|AL,ASA (AL),AL,20,48,130.0,29,20,7,8,5,19,19,0
2016,C,9,TOMBENSE|MG,Tombense (MG),MG,20,49,120.0,29,18,8,5,5,27,16,11
2016,C,10,YPIRANGA|RS,Ypiranga (RS),RS,20,50,110.0,28,18,8,4,6,22,23,-1
2016,C,11,REMO|PA,Remo (PA),PA,20,51,100.0,25,18,6,7,5,21,20,1
2016,C,12,CUIABA|MT,Cuiabá (MT),MT,20,52,90.0,22,18,5,7,6,19,17,2
2016,C,13,CONFIANCA|SE,Confiança (SE),SE,20,53,80.0,22,18,5,7,6,22,26,-4
2016,C,14,SALGUEIRO|PE,Salgueiro (PE),PE,20,54,70.0,21,18,5,6,7,13,18,-5
2016,C,15,MOGI MIRIM|SP,Mogi Mirim (SP),SP,20,55,60.0,18,18,5,7,6,12,15,-3
2016,C,16,MACAE|RJ,Macaé (RJ),RJ,20,56,50.0,16,18,4,4,10,16,26,-10
2016,C,17,AMERICA|RN,América (RN),RN,20,57,40.0,20,18,5,5,8,17,23,-6
2016,C,18,PORTUGUESA|SP,Portuguesa (SP),SP,20,58,30.0,14,18,4,2,12,13,26,-13
2016,C,19,RIVER|PI,Ríver (PI),PI,20,59,20.0,13,18,2,7,9,13,26,-13
2016,C,20,GUARATINGUETA|SP,Guaratinguetá (SP),SP,20,60,10.0,4,18,1,1,16,13,55,-42
2016,D,1,VOLTA REDONDA|RJ,Volta Redonda (RJ),RJ,68,61,100.0,36,16,10,6,0,29,8,21
2016,D,2,CSA|AL,CSA (AL),AL,68,62,98.53,30,16,9,3,4,26,15,11
2016,D,3,SAO BENTO|SP,São Bento (SP),SP,68,63,97.06,30,14,9,3,2,15,4,11
2016,D,4,MOTO CLUB|MA,Moto Club (MA),MA,68,64,95.59,22,14,5,7,2,19,12,7
2016,D,5,ATLETICO ACREANO|AC,Atlético Acreano (AC),AC,68,65,94.12,25,12,7,4,1,35,14,21
2016,D,6,ITUANO|SP,Ituano (SP),SP,68,66,92.65,19,12,6,1,5,23,14,9
2016,D,7,FLUMINENSE|BA,Fluminense (BA),BA,68,67,91.18,18,12,5,3,4,17,14,3
2016,D,8,ITABAIANA|SE,Itabaiana (SE),SE,68,68,89.71,18,12,5,3,4,15,12,3
2016,D,9,ALTOS|PI,Altos (PI),PI,68,69,88.24,25,10,8,1,1,28,9,19
2016,D,10,CEILANDIA|DF,Ceilândia (DF),DF,68,70,86.76,22,10,7,1,2,22,8,14
2016,D,11,PRINCESA|AM,Princesa (AM),AM,68,71,85.29,20,10,6,2,2,19,10,9
2016,D,12,JUAZEIRENSE|BA,Juazeirense (BA),BA,68,72,83.82,20,10,6,2,2,19,13,6
2016,D,13,J MALUCELLI|PR,J.Malucelli (PR),PR,68,73,82.35,18,10,5,3,2,12,8,4
2016,D,14,INTER DE LAGES|SC,Inter de Lages (SC),SC,68,74,80.88,17,10,5,2,3,14,10,4
2016,D,15,CAMPINENSE|PB,Campinense (PB),PB,68,75,79.41,17,10,5,2,3,11,8,3
2016,D,16,ANAPOLIS|GO,Anápolis (GO),GO,68,76,77.94,14,10,3,5,2,8,7,1
2016,D,17,CALDENSE|MG,Caldense (MG),MG,68,77,76.47,15,8,4,3,1,8,3,5
2016,D,18,URT|MG,URT (MG),MG,68,78,75.0,14,8,4,2,2,11,6,5
2016,D,19,APARECIDENSE|GO,Aparecidense (GO),GO,68,79,73.53,14,8,4,2,2,10,9,1
2016,D,20,SAO RAIMUNDO|PA,São Raimundo (PA),PA,68,80,72.06,13,8,4,1,3,17,7,10
2016,D,21,LINENSE|SP,Linense (SP),SP,68,81,70.59,13,8,4,1,3,9,9,0
2016,D,22,UNICLINIC|CE,Uniclinic (CE),CE,68,82,69.12,13,8,3,4,1,13,8,5
2016,D,23,GLOBO|RN,Globo (RN),RN,68,83,67.65,12,8,3,3,2,12,6,6
2016,D,24,AGUIA DE MARABA|PA,Águia de Marabá (PA),PA,68,84,66.18,12,8,3,3,2,8,7,1
2016,D,25,SETE DE SETEMBRO|MS,Sete de Setembro (MS),MS,68,85,64.71,11,8,3,2,3,9,10,-1
2016,D,26,AMERICA|PE,América (PE),PE,68,86,63.24,10,8,3,1,4,10,11,-1
2016,D,27,CAXIAS|RS,Caxias (RS),RS,68,87,61.76,10,8,3,1,4,10,11,-1
2016,D,28,PALMAS|TO,Palmas (TO),TO,68,88,60.29,10,8,3,1,4,14,16,-2
2016,D,29,BRUSQUE|SC,Brusque (SC),SC,68,89,58.82,10,8,2,4,2,7,3,4
2016,D,30,PARNAHYBA|PI,Parnahyba (PI),PI,68,90,57.35,9,8,2,3,3,12,11,1
2016,D,31,NAUTICO|RR,Náutico (RR),RR,68,91,55.88,9,8,2,3,3,10,20,-10
2016,D,32,ESPIRITO SANTO|ES,Espírito Santo (ES),ES,68,92,54.41,8,8,2,2,4,5,6,-1
2016,D,33,POTIGUAR|RN,Potiguar (RN),RN,68,93,52.94,10,6,3,1,2,8,6,2
2016,D,34,SOUSA|PB,Sousa (PB),PB,68,94,51.47,10,6,3,1,2,11,11,0
2016,D,35,SAO PAULO|RS,São Paulo (RS),RS,68,95,50.0,9,6,3,0,3,6,7,-1
2016,D,36,CENTRAL|PE,Central (PE),PE,68,96,48.53,9,6,2,3,1,5,4,1
2016,D,37,NACIONAL|AM,Nacional (AM),AM,68,97,47.06,8,6,2,2,2,8,8,0
2016,D,38,TOCANTINOPOLIS|TO,Tocantinópolis (TO),TO,68,98,45.59,8,6,2,2,2,5,5,0
2016,D,39,MURICI|AL,Murici (AL),AL,68,99,44.12,8,6,2,2,2,9,10,-1
2016,D,40,MARINGA|PR,Maringá (PR),PR,68,100,42.65,8,6,2,2,2,8,10,-2
2016,D,41,NOVO HAMBURGO|RS,Novo Hamburgo (RS),RS,68,101,41.18,8,6,2,2,2,4,6,-2
2016,D,42,DESPORTIVA|ES,Desportiva (ES),ES,68,102,39.71,7,6,2,1,3,7,6,1
2016,D,43,BOAVISTA|RJ,Boavista (RJ),RJ,68,103,38.24,7,6,2,1,3,3,5,-2
2016,D,44,GENUS|RO,Gênus (RO),RO,68,104,36.76,7,6,2,1,3,5,9,-4
2016,D,45,PORTUGUESA|RJ,Portuguesa (RJ),RJ,68,105,35.29,7,6,2,1,3,3,8,-5
2016,D,46,RONDONIENSE|RO,Rondoniense (RO),RO,68,106,33.82,7,6,2,1,3,8,14,-6
2016,D,47,VILLA NOVA|MG,Villa Nova (MG),MG,68,107,32.35,7,6,1,4,1,3,3,0
2016,D,48,MARANHAO|MA,Maranhão (MA),MA,68,108,30.88,6,6,2,0,4,7,12,-5
2016,D,49,LUZIANIA|DF,Luziânia (DF),DF,68,109,29.41,6,6,1,3,2,4,5,-1
2016,D,50,SAO JOSE|RS,São José (RS),RS,68,110,27.94,5,6,1,2,3,3,4,-1
2016,D,51,SAO FRANCISCO|PA,São Francisco (PA),PA,68,111,26.47,5,6,1,2,3,10,12,-2
2016,D,52,PSTC|PR,PSTC (PR),PR,68,112,25.0,5,6,1,2,3,6,9,-3
2016,D,53,TREM|AP,Trem (AP),AP,68,113,23.53,4,6,1,1,4,5,9,-4
2016,D,54,MADUREIRA|RJ,Madureira (RJ),RJ,68,114,22.06,4,6,1,1,4,2,9,-7
2016,D,55,METROPOLITANO|SC,Metropolitano (SC),SC,68,115,20.59,4,6,1,1,4,5,13,-8
2016,D,56,RIO BRANCO|AC,Rio Branco (AC),AC,68,116,19.12,4,6,1,1,4,6,15,-9
2016,D,57,COMERCIAL|MS,Comercial (MS),MS,68,117,17.65,4,6,1,1,4,2,12,-10
2016,D,58,SERGIPE|SE,Sergipe (SE),SE,68,118,16.18,4,6,0,4,2,6,8,-2
2016,D,59,AUDAX|SP,Audax (SP),SP,68,119,14.71,4,6,0,4,2,1,5,-4
2016,D,60,ARAGUAIA|TO,Araguaia (TO),TO,68,120,13.24,3,6,1,0,5,8,13,-5
2016,D,61,GALICIA|BA,Galícia (BA),BA,68,121,11.76,3,6,1,0,5,7,16,-9
2016,D,62,SINOP|MT,Sinop (MT),MT,68,122,10.29,3,6,0,3,3,7,11,-4
2016,D,63,SANTOS|AP,Santos (AP),AP,68,123,8.82,2,6,0,2,4,3,11,-8
2016,D,64,GUARANI|CE,Guarani (CE),CE,68,124,7.35,2,6,0,2,4,5,18,-13
2016,D,65,ICASA|CE,ICASA (CE),CE,68,125,5.88,1,6,0,1,5,3,19,-16
2016,D,66,BARE|TO,Baré (TO),TO,68,126,4.41,0,6,0,4,2,6,13,-7
2016,D,67,SERRA TALHADA|PE,Serra Talhada (PE),PE,68,127,2.94,0,6,0,0,6,1,14,-13
2016,D,68,GOIANESIA|GO,Goianésia (GO),GO,68,128,1.47,0,6,0,0,6,2,20,-18
2017,A,1,CORINTHIANS|SP,Corinthians (SP),SP,20,1,400.0,72,38,21,9,8,50,30,20
2017,A,2,PALMEIRAS|SP,Palmeiras (SP),SP,20,2,380.0,63,38,19,6,13,61,45,16
2017,A,3,SANTOS|SP,Santos (SP),SP,20,3,360.0,63,38,17,12,9,42,32,10
2017,A,4,GREMIO|RS,Grêmio (RS),RS,20,4,340.0,62,38,18,8,12,55,36,19
2017,A,5,CRUZEIRO|MG,Cruzeiro (MG),MG,20,5,320.0,57,38,15,12,11,47,39,8
2017,A,6,FLAMENGO|RJ,Flamengo (RJ),RJ,20,6,300.0,56,38,15,11,12,49,38,11
2017,A,7,VASCO|RJ,Vasco (RJ),RJ,20,7,280.0,56,38,15,11,12,40,47,-7
2017,A,8,CHAPECOENSE|SC,Chapecoense (SC),SC,20,8,260.0,54,38,15,9,14,47,49,-2
2017,A,9,ATLETICO|MG,Atlético (MG),MG,20,9,240.0,54,38,14,12,12,52,49,3
2017,A,10,BOTAFOGO|RJ,Botafogo (RJ),RJ,20,10,220.0,53,38,14,11,13,45,42,3
2017,A,11,ATLETICO|PR,Athletico Paranaense (PR),PR,20,11,200.0,51,38,14,9,15,45,43,2
2017,A,12,BAHIA|BA,Bahia (BA),BA,20,12,180.0,50,38,13,11,14,50,48,2
2017,A,13,SAO PAULO|SP,São Paulo (SP),SP,20,13,160.0,50,38,13,11,14,48,49,-1
2017,A,14,FLUMINENSE|RJ,Fluminense (RJ),RJ,20,14,140.0,47,38,11,14,13,50,53,-3
2017,A,15,SPORT|PE,Sport (PE),PE,20,15,120.0,45,38,12,9,17,46,58,-12
2017,A,16,VITORIA|BA,Vitória (BA),BA,20,16,100.0,43,38,11,10,17,50,58,-8
2017,A,17,CORITIBA|PR,Coritiba (PR),PR,20,17,80.0,43,38,11,10,17,42,51,-9
2017,A,18,AVAI|SC,Avaí (SC),SC,20,18,60.0,43,38,10,13,15,29,48,-19
2017,A,19,PONTE PRETA|SP,Ponte Preta (SP),SP,20,19,40.0,39,38,10,9,19,37,52,-15
2017,A,20,ATLETICO|GO,Atlético (GO),GO,20,20,20.0,36,38,9,9,20,38,56,-18
2017,B,1,AMERICA|MG,América (MG),MG,20,21,300.0,73,38,20,13,5,46,25,21
2017,B,2,INTERNACIONAL|RS,Internacional (RS),RS,20,22,285.0,71,38,20,11,7,54,26,28
2017,B,3,CEARA|CE,Ceará (CE),CE,20,23,270.0,67,38,19,10,9,46,32,14
2017,B,4,PARANA|PR,Paraná (PR),PR,20,24,255.0,64,38,18,10,10,49,28,21
2017,B,5,LONDRINA|PR,Londrina (PR),PR,20,25,240.0,62,38,18,8,12,56,46,10
2017,B,6,OESTE|SP,Oeste (SP),SP,20,26,225.0,59,38,14,17,7,43,31,12
2017,B,7,VILA NOVA|GO,Vila Nova (GO),GO,20,27,210.0,58,38,15,13,10,38,30,8
2017,B,8,BRASIL|RS,Brasil (RS),RS,20,28,195.0,51,38,15,6,17,43,50,-7
2017,B,9,JUVENTUDE|RS,Juventude (RS),RS,20,29,180.0,51,38,13,12,13,35,38,-3
2017,B,10,BOA ESPORTE|MG,Boa Esporte (MG),MG,20,30,165.0,50,38,12,14,12,40,42,-2
2017,B,11,PAYSANDU|PA,Paysandu (PA),PA,20,31,150.0,48,38,13,9,16,41,41,0
2017,B,12,FIGUEIRENSE|SC,Figueirense (SC),SC,20,32,135.0,48,38,12,12,14,44,49,-5
2017,B,13,CRICIUMA|SC,Criciúma (SC),SC,20,33,120.0,48,38,12,12,14,41,46,-5
2017,B,14,GOIAS|GO,Goiás (GO),GO,20,34,105.0,45,38,12,9,17,35,46,-11
2017,B,15,CRB|AL,CRB (AL),AL,20,35,90.0,45,38,12,9,17,35,50,-15
2017,B,16,GUARANI|SP,Guarani (SP),SP,20,36,75.0,44,38,11,11,16,36,46,-10
2017,B,17,LUVERDENSE|MT,Luverdense (MT),MT,20,37,60.0,44,38,10,14,14,38,40,-2
2017,B,18,SANTA CRUZ|PE,Santa Cruz (PE),PE,20,38,45.0,37,38,8,13,17,43,54,-11
2017,B,19,ABC|RN,ABC (RN),RN,20,39,30.0,34,38,9,7,22,28,49,-21
2017,B,20,NAUTICO|PE,Náutico (PE),PE,20,40,15.0,32,38,8,8,22,29,51,-22
2017,C,1,CSA|AL,CSA (AL),AL,20,41,200.0,45,24,12,9,3,27,14,13
2017,C,2,FORTALEZA|CE,Fortaleza (CE),CE,20,42,190.0,35,24,9,8,7,26,20,6
2017,C,3,SAO BENTO|SP,São Bento (SP),SP,20,43,180.0,38,22,10,8,4,23,11,12
2017,C,4,SAMPAIO CORREA|MA,Sampaio Corrêa (MA),MA,20,44,170.0,37,22,10,7,5,28,24,4
2017,C,5,TUPI|MG,Tupi (MG),MG,20,45,160.0,31,20,8,7,5,22,20,2
2017,C,6,VOLTA REDONDA|RJ,Volta Redonda (RJ),RJ,20,46,150.0,26,20,6,8,6,25,19,6
2017,C,7,TOMBENSE|MG,Tombense (MG),MG,20,47,140.0,26,20,6,8,6,19,20,-1
2017,C,8,CONFIANCA|SE,Confiança (SE),SE,20,48,130.0,26,20,6,8,6,23,27,-4
2017,C,9,JOINVILLE|SC,Joinville (SC),SC,20,49,120.0,25,18,6,7,5,28,23,5
2017,C,10,BOTAFOGO|SP,Botafogo (SP),SP,20,50,110.0,25,18,6,7,5,25,20,5
2017,C,11,SALGUEIRO|PE,Salgueiro (PE),PE,20,51,100.0,24,18,7,3,8,19,16,3
2017,C,12,YPIRANGA|RS,Ypiranga (RS),RS,20,52,90.0,23,18,5,8,5,23,21,2
2017,C,13,CUIABA|MT,Cuiabá (MT),MT,20,53,80.0,23,18,4,11,3,17,17,0
2017,C,14,REMO|PA,Remo (PA),PA,20,54,70.0,22,18,5,7,6,19,21,-2
2017,C,15,BOTAFOGO|PB,Botafogo (PB),PB,20,55,60.0,21,18,6,3,9,18,21,-3
2017,C,16,BRAGANTINO|SP,Bragantino (SP),SP,20,56,50.0,21,18,4,9,5,16,19,-3
2017,C,17,MOTO CLUB|MA,Moto Club (MA),MA,20,57,40.0,20,18,5,5,8,18,20,-2
2017,C,18,MACAE|RJ,Macaé (RJ),RJ,20,58,30.0,19,18,5,4,9,16,28,-12
2017,C,19,MOGI MIRIM|SP,Mogi Mirim (SP),SP,20,59,20.0,13,18,3,4,11,15,34,-19
2017,C,20,ASA|AL,ASA (AL),AL,20,60,10.0,13,18,2,7,9,11,23,-12
2017,D,1,OPERARIO|PR,Operário (PR),PR,68,61,100.0,34,16,11,1,4,23,8,15
2017,D,2,GLOBO|RN,Globo (RN),RN,68,62,98.53,33,16,11,0,5,21,15,6
2017,D,3,ATLETICO ACREANO|AC,Atlético Acreano (AC),AC,68,63,97.06,25,14,7,4,3,27,13,14
2017,D,4,JUAZEIRENSE|BA,Juazeirense (BA),BA,68,64,95.59,22,14,5,7,2,24,16,8
2017,D,5,AMERICA|RN,América (RN),RN,68,65,94.12,26,12,8,2,2,18,9,9
2017,D,6,URT|MG,URT (MG),MG,68,66,92.65,19,12,5,4,3,8,8,0
2017,D,7,SAO JOSE|RS,São José (RS),RS,68,67,91.18,18,12,5,3,4,16,8,8
2017,D,8,MARANHAO|MA,Maranhão (MA),MA,68,68,89.71,16,12,4,4,4,18,14,4
2017,D,9,SAO BERNARDO|SP,São Bernardo (SP),SP,68,69,88.24,19,10,5,4,1,11,6,5
2017,D,10,ESPIRITO SANTO|ES,Espírito Santo (ES),ES,68,70,86.76,18,10,5,3,2,11,6,5
2017,D,11,SANTOS|AP,Santos (AP),AP,68,71,85.29,17,10,4,5,1,18,13,5
2017,D,12,VILLA NOVA|MG,Villa Nova (MG),MG,68,72,83.82,17,10,4,5,1,11,8,3
2017,D,13,GUARANY DE SOBRAL|CE,Guarany de Sobral (CE),CE,68,73,82.35,16,10,5,1,3,15,15,0
2017,D,14,GURUPI|TO,Gurupi (TO),TO,68,74,80.88,16,10,4,4,2,14,13,1
2017,D,15,CEILANDIA|DF,Ceilândia (DF),DF,68,75,79.41,14,10,4,2,4,11,9,2
2017,D,16,FLUMINENSE|BA,Fluminense (BA),BA,68,76,77.94,13,10,2,7,1,13,9,4
2017,D,17,PORTUGUESA|RJ,Portuguesa (RJ),RJ,68,77,76.47,15,8,4,3,1,10,4,6
2017,D,18,PRINCESA|AM,Princesa (AM),AM,68,78,75.0,14,8,4,2,2,13,8,5
2017,D,19,RIO BRANCO|AC,Rio Branco (AC),AC,68,79,73.53,14,8,4,2,2,11,9,2
2017,D,20,BRUSQUE|SC,Brusque (SC),SC,68,80,72.06,13,8,4,1,3,10,7,3
2017,D,21,ALTOS|PI,Altos (PI),PI,68,81,70.59,12,8,3,3,2,17,9,8
2017,D,22,SOUSA|PB,Sousa (PB),PB,68,82,69.12,12,8,3,3,2,10,8,2
2017,D,23,APARECIDENSE|GO,Aparecidense (GO),GO,68,83,67.65,11,8,3,2,3,10,9,1
2017,D,24,BOAVISTA|RJ,Boavista (RJ),RJ,68,84,66.18,11,8,3,2,3,11,11,0
2017,D,25,COMERCIAL|MS,Comercial (MS),MS,68,85,64.71,11,8,3,2,3,11,11,0
2017,D,26,UNIAO RONDONOPOLIS|MT,União Rondonópolis (MT),MT,68,86,63.24,11,8,3,2,3,9,10,-1
2017,D,27,METROPOLITANO|SC,Metropolitano (SC),SC,68,87,61.76,11,8,3,2,3,6,9,-3
2017,D,28,JACOBINA|BA,Jacobina (BA),BA,68,88,60.29,10,8,3,1,4,12,14,-2
2017,D,29,CAMPINENSE|PB,Campinense (PB),PB,68,89,58.82,10,8,2,4,2,7,6,1
2017,D,30,SAO FRANCISCO|PA,São Francisco (PA),PA,68,90,57.35,10,8,2,4,2,10,12,-2
2017,D,31,PARNAHYBA|PI,Parnahyba (PI),PI,68,91,55.88,9,8,3,0,5,8,9,-1
2017,D,32,DESPORTIVA|ES,Desportiva (ES),ES,68,92,54.41,8,8,2,2,4,6,9,-3
2017,D,33,LUZIANIA|DF,Luziânia (DF),DF,68,93,52.94,10,6,2,4,0,11,5,6
2017,D,34,RIVER|PI,Ríver (PI),PI,68,94,51.47,9,6,3,0,3,8,9,-1
2017,D,35,XV DE PIRACICABA|SP,XV de Piracicaba (SP),SP,68,95,50.0,9,6,3,0,3,7,8,-1
2017,D,36,TREM|AP,Trem (AP),AP,68,96,48.53,9,6,3,0,3,7,11,-4
2017,D,37,ANAPOLIS|GO,Anápolis (GO),GO,68,97,47.06,9,6,2,3,1,8,6,2
2017,D,38,INTER DE LAGES|SC,Inter de Lages (SC),SC,68,98,45.59,8,6,2,2,2,4,4,0
2017,D,39,ITUANO|SP,Ituano (SP),SP,68,99,44.12,8,6,2,2,2,4,4,0
2017,D,40,BANGU|RJ,Bangu (RJ),RJ,68,100,42.65,8,6,2,2,2,7,8,-1
2017,D,41,ITUMBIARA|GO,Itumbiara (GO),GO,68,101,41.18,8,6,2,2,2,5,6,-1
2017,D,42,SAO RAIMUNDO|PA,São Raimundo (PA),PA,68,102,39.71,7,6,3,1,2,11,7,4
2017,D,43,PORTUGUESA|SP,Portuguesa (SP),SP,68,103,38.24,7,6,2,1,3,5,4,1
2017,D,44,RED BULL BRASIL|SP,Red Bull Brasil (SP),SP,68,104,36.76,7,6,2,1,3,5,5,0
2017,D,45,CORURIPE|AL,Coruripe (AL),AL,68,105,35.29,7,6,2,1,3,9,10,-1
2017,D,46,AMERICA|PE,América (PE),PE,68,106,33.82,7,6,2,1,3,3,5,-2
2017,D,47,ATLETICO|PE,Atlético (PE),PE,68,107,32.35,7,6,2,1,3,9,12,-3
2017,D,48,CENTRAL|PE,Central (PE),PE,68,108,30.88,7,6,2,1,3,7,11,-4
2017,D,49,CORDINO|MA,Cordino (MA),MA,68,109,29.41,7,6,2,1,3,5,9,-4
2017,D,50,GUARANI DE JUAZEIRO|CE,Guarani de Juazeiro (CE),CE,68,110,27.94,7,6,2,1,3,3,7,-4
2017,D,51,FAST CLUB|AM,Fast Club (AM),AM,68,111,26.47,7,6,1,4,1,6,7,-1
2017,D,52,SERGIPE|SE,Sergipe (SE),SE,68,112,25.0,6,6,2,0,4,7,11,-4
2017,D,53,MURICI|AL,Murici (AL),AL,68,113,23.53,6,6,2,0,4,7,12,-5
2017,D,54,CALDENSE|MG,Caldense (MG),MG,68,114,22.06,6,6,2,0,4,6,11,-5
2017,D,55,FOZ DO IGUACU|PR,Foz do Iguaçu (PR),PR,68,115,20.59,6,6,1,3,2,4,6,-2
2017,D,56,ITABAIANA|SE,Itabaiana (SE),SE,68,116,19.12,5,6,2,2,2,8,10,-2
2017,D,57,SAO RAIMUNDO|RR,São Raimundo (RR),RR,68,117,17.65,5,6,1,2,3,7,9,-2
2017,D,58,NOVO HAMBURGO|RS,Novo Hamburgo (RS),RS,68,118,16.18,5,6,1,2,3,4,6,-2
2017,D,59,GENUS|RO,Gênus (RO),RO,68,119,14.71,5,6,1,2,3,7,10,-3
2017,D,60,SAO PAULO|RS,São Paulo (RS),RS,68,120,13.24,4,6,1,1,4,7,12,-5
2017,D,61,PSTC|PR,PSTC (PR),PR,68,121,11.76,4,6,1,1,4,3,10,-7
2017,D,62,TOCANTINS|TO,Tocantins (TO),TO,68,122,10.29,4,6,1,1,4,5,14,-9
2017,D,63,SINOP|MT,Sinop (MT),MT,68,123,8.82,3,6,0,3,3,5,11,-6
2017,D,64,BARE|RR,Baré (RR),RR,68,124,7.35,3,6,0,3,3,3,9,-6
2017,D,65,POTIGUAR|RN,Potiguar (RN),RN,68,125,5.88,2,6,0,2,4,4,11,-7
2017,D,66,AUDAX|SP,Audax (SP),SP,68,126,4.41,1,6,0,1,5,4,9,-5
2017,D,67,SETE DE SETEMBRO|MS,Sete de Setembro (MS),MS,68,127,2.94,1,6,0,1,5,3,13,-10
2017,D,68,REAL ARIQUEMES|RO,Real Ariquemes (RO),RO,68,128,1.47,1,6,0,1,5,3,14,-11
2018,A,1,PALMEIRAS|SP,Palmeiras (SP),SP,20,1,400.0,80,38,23,11,4,64,26,38
2018,A,2,FLAMENGO|RJ,Flamengo (RJ),RJ,20,2,380.0,72,38,21,9,8,59,29,30
2018,A,3,INTERNACIONAL|RS,Internacional (RS),RS,20,3,360.0,69,38,19,12,7,51,29,22
2018,A,4,GREMIO|RS,Grêmio (RS),RS,20,4,340.0,66,38,18,12,8,48,27,21
2018,A,5,SAO PAULO|SP,São Paulo (SP),SP,20,5,320.0,63,38,16,15,7,46,34,12
2018,A,6,ATLETICO|MG,Atlético (MG),MG,20,6,300.0,59,38,17,8,13,56,43,13
2018,A,7,ATLETICO|PR,Athletico Paranaense (PR),PR,20,7,280.0,57,38,16,9,13,54,37,17
2018,A,8,CRUZEIRO|MG,Cruzeiro (MG),MG,20,8,260.0,53,38,14,11,13,34,34,0
2018,A,9,BOTAFOGO|RJ,Botafogo (RJ),RJ,20,9,240.0,51,38,13,12,13,38,46,-8
2018,A,10,SANTOS|SP,Santos (SP),SP,20,10,220.0,50,38,13,11,14,46,40,6
2018,A,11,BAHIA|BA,Bahia (BA),BA,20,11,200.0,48,38,12,12,14,39,41,-2
2018,A,12,FLUMINENSE|RJ,Fluminense (RJ),RJ,20,12,180.0,45,38,12,9,17,32,46,-14
2018,A,13,CORINTHIANS|SP,Corinthians (SP),SP,20,13,160.0,44,38,11,11,16,34,35,-1
2018,A,14,CHAPECOENSE|SC,Chapecoense (SC),SC,20,14,140.0,44,38,11,11,16,34,50,-16
2018,A,15,CEARA|CE,Ceará (CE),CE,20,15,120.0,44,38,10,14,14,32,38,-6
2018,A,16,VASCO|RJ,Vasco (RJ),RJ,20,16,100.0,43,38,10,13,15,41,48,-7
2018,A,17,AMERICA|MG,América (MG),MG,20,17,80.0,40,38,10,10,18,30,47,-17
2018,A,18,SPORT|PE,Sport (PE),PE,20,18,60.0,39,38,11,9,18,35,57,-22
2018,A,19,VITORIA|BA,Vitória (BA),BA,20,19,40.0,37,38,9,10,19,36,63,-27
2018,A,20,PARANA|PR,Paraná (PR),PR,20,20,20.0,23,38,4,11,23,18,57,-39
2018,B,1,FORTALEZA|CE,Fortaleza (CE),CE,20,21,300.0,71,38,21,8,9,54,33,21
2018,B,2,CSA|AL,CSA (AL),AL,20,22,285.0,62,38,17,11,10,51,37,14
2018,B,3,AVAI|SC,Avaí (SC),SC,20,23,270.0,61,38,16,13,9,50,32,18
2018,B,4,GOIAS|GO,Goiás (GO),GO,20,24,255.0,60,38,18,6,14,54,50,4
2018,B,5,PONTE PRETA|SP,Ponte Preta (SP),SP,20,25,240.0,60,38,16,12,10,42,30,12
2018,B,6,ATLETICO|GO,Atlético (GO),GO,20,26,225.0,59,38,16,11,11,57,51,6
2018,B,7,VILA NOVA|GO,Vila Nova (GO),GO,20,27,210.0,57,38,14,15,9,41,36,5
2018,B,8,LONDRINA|PR,Londrina (PR),PR,20,28,195.0,55,38,15,10,13,45,42,3
2018,B,9,GUARANI|SP,Guarani (SP),SP,20,29,180.0,54,38,14,12,12,44,39,5
2018,B,10,CORITIBA|PR,Coritiba (PR),PR,20,30,165.0,52,38,13,13,12,40,44,-4
2018,B,11,BRASIL|RS,Brasil (RS),RS,20,31,150.0,50,38,13,11,14,36,35,1
2018,B,12,CRB|AL,CRB (AL),AL,20,32,135.0,48,38,12,12,14,35,39,-4
2018,B,13,SAO BENTO|SP,São Bento (SP),SP,20,33,120.0,47,38,11,14,13,41,41,0
2018,B,14,CRICIUMA|SC,Criciúma (SC),SC,20,34,105.0,47,38,11,14,13,45,49,-4
2018,B,15,FIGUEIRENSE|SC,Figueirense (SC),SC,20,35,90.0,46,38,11,13,14,48,51,-3
2018,B,16,OESTE|SP,Oeste (SP),SP,20,36,75.0,46,38,9,19,10,36,40,-4
2018,B,17,PAYSANDU|PA,Paysandu (PA),PA,20,37,60.0,43,38,10,13,15,42,53,-11
2018,B,18,SAMPAIO CORREA|MA,Sampaio Corrêa (MA),MA,20,38,45.0,38,38,10,8,20,32,47,-15
2018,B,19,JUVENTUDE|RS,Juventude (RS),RS,20,39,30.0,35,38,7,14,17,27,48,-21
2018,B,20,BOA ESPORTE|MG,Boa Esporte (MG),MG,20,40,15.0,30,38,7,9,22,26,49,-23
2018,C,1,OPERARIO|PR,Operário (PR),PR,20,41,200.0,44,24,12,8,4,32,21,11
2018,C,2,CUIABA|MT,Cuiabá (MT),MT,20,42,190.0,41,24,12,5,7,42,27,15
2018,C,3,BOTAFOGO|SP,Botafogo (SP),SP,20,43,180.0,39,22,11,6,5,31,18,13
2018,C,4,BRAGANTINO|SP,Bragantino (SP),SP,20,44,170.0,34,22,9,8,5,25,18,7
2018,C,5,NAUTICO|PE,Náutico (PE),PE,20,45,160.0,32,20,9,5,6,28,26,2
2018,C,6,ATLETICO ACREANO|AC,Atlético Acreano (AC),AC,20,46,150.0,31,20,9,4,7,27,26,1
2018,C,7,SANTA CRUZ|PE,Santa Cruz (PE),PE,20,47,140.0,31,20,8,7,5,23,16,7
2018,C,8,BOTAFOGO|PB,Botafogo (PB),PB,20,48,130.0,29,20,7,8,5,23,18,5
2018,C,9,LUVERDENSE|MT,Luverdense (MT),MT,20,49,120.0,24,18,7,3,8,27,25,2
2018,C,10,CONFIANCA|SE,Confiança (SE),SE,20,50,110.0,23,18,5,8,5,24,25,-1
2018,C,11,TOMBENSE|MG,Tombense (MG),MG,20,51,100.0,22,18,6,4,8,17,17,0
2018,C,12,YPIRANGA|RS,Ypiranga (RS),RS,20,52,90.0,22,18,6,4,8,25,27,-2
2018,C,13,REMO|PA,Remo (PA),PA,20,53,80.0,22,18,6,4,8,18,20,-2
2018,C,14,GLOBO|RN,Globo (RN),RN,20,54,70.0,22,18,4,10,4,19,19,0
2018,C,15,ABC|RN,ABC (RN),RN,20,55,60.0,21,18,6,3,9,18,24,-6
2018,C,16,VOLTA REDONDA|RJ,Volta Redonda (RJ),RJ,20,56,50.0,20,18,6,2,10,18,25,-7
2018,C,17,TUPI|MG,Tupi (MG),MG,20,57,40.0,20,18,6,2,10,19,30,-11
2018,C,18,JUAZEIRENSE|BA,Juazeirense (BA),BA,20,58,30.0,19,18,4,7,7,16,20,-4
2018,C,19,SALGUEIRO|PE,Salgueiro (PE),PE,20,59,20.0,17,18,3,8,7,11,19,-8
2018,C,20,JOINVILLE|SC,Joinville (SC),SC,20,60,10.0,14,18,4,2,12,13,35,-22
2018,D,1,FERROVIARIO|CE,Ferroviário (CE),CE,68,61,100.0,27,16,7,6,3,27,18,9
2018,D,2,TREZE|PB,Treze (PB),PB,68,62,98.53,29,16,8,5,3,25,13,12
2018,D,3,SAO JOSE|RS,São José (RS),RS,68,63,97.06,31,14,10,1,3,20,12,8
2018,D,4,IMPERATRIZ|MA,Imperatriz (MA),MA,68,64,95.59,24,14,7,3,4,21,11,10
2018,D,5,CAMPINENSE|PB,Campinense (PB),PB,68,65,94.12,25,12,8,1,3,17,8,9
2018,D,6,CAXIAS|RS,Caxias (RS),RS,68,66,92.65,24,12,7,3,2,21,9,12
2018,D,7,MANAUS|AM,Manaus (AM),AM,68,67,91.18,22,12,7,1,4,20,13,7
2018,D,8,LINENSE|SP,Linense (SP),SP,68,68,89.71,19,12,5,4,3,13,11,2
2018,D,9,IPORA|GO,Iporá (GO),GO,68,69,88.24,20,10,6,2,2,17,11,6
2018,D,10,MOTO CLUB|MA,Moto Club (MA),MA,68,70,86.76,19,10,6,1,3,14,10,4
2018,D,11,TUBARAO|SC,Tubarão (SC),SC,68,71,85.29,19,10,6,1,3,12,8,4
2018,D,12,BRASILIENSE|DF,Brasiliense (DF),DF,68,72,83.82,18,10,5,3,2,12,5,7
2018,D,13,RIO BRANCO|AC,Rio Branco (AC),AC,68,73,82.35,17,10,5,2,3,19,12,7
2018,D,14,NOVORIZONTINO|SP,Novorizontino (SP),SP,68,74,80.88,16,10,4,4,2,17,15,2
2018,D,15,UBERLANDIA|MG,Uberlândia (MG),MG,68,75,79.41,15,10,4,3,3,15,11,4
2018,D,16,ALTOS|PI,Altos (PI),PI,68,76,77.94,15,10,4,3,3,15,12,3
2018,D,17,AMERICA|RN,América (RN),RN,68,77,76.47,17,8,5,2,1,13,8,5
2018,D,18,INDEPENDENTE|PA,Independente (PA),PA,68,78,75.0,15,8,4,3,1,11,7,4
2018,D,19,SERGIPE|SE,Sergipe (SE),SE,68,79,73.53,14,8,4,2,2,9,7,2
2018,D,20,FLUMINENSE|BA,Fluminense (BA),BA,68,80,72.06,13,8,4,1,3,19,8,11
2018,D,21,NACIONAL|AM,Nacional (AM),AM,68,81,70.59,13,8,4,1,3,13,9,4
2018,D,22,ITABAIANA|SE,Itabaiana (SE),SE,68,82,69.12,13,8,4,1,3,12,10,2
2018,D,23,SINOP|MT,Sinop (MT),MT,68,83,67.65,13,8,4,1,3,8,7,1
2018,D,24,BRUSQUE|SC,Brusque (SC),SC,68,84,66.18,12,8,4,0,4,11,7,4
2018,D,25,INTER DE LAGES|SC,Inter de Lages (SC),SC,68,85,64.71,12,8,4,0,4,8,14,-6
2018,D,26,URT|MG,URT (MG),MG,68,86,63.24,12,8,3,3,2,12,10,2
2018,D,27,NOVO HAMBURGO|RS,Novo Hamburgo (RS),RS,68,87,61.76,11,8,3,2,3,9,8,1
2018,D,28,MACAE|RJ,Macaé (RJ),RJ,68,88,60.29,11,8,3,2,3,11,11,0
2018,D,29,NOVO|MS,Novo (MS),MS,68,89,58.82,11,8,3,2,3,11,12,-1
2018,D,30,CORDINO|MA,Cordino (MA),MA,68,90,57.35,10,8,2,4,2,9,8,1
2018,D,31,MARINGA|PR,Maringá (PR),PR,68,91,55.88,10,8,2,4,2,8,10,-2
2018,D,32,SANTOS|AP,Santos (AP),AP,68,92,54.41,9,8,2,3,3,14,10,4
2018,D,33,ITUMBIARA|GO,Itumbiara (GO),GO,68,93,52.94,10,6,3,1,2,8,6,2
2018,D,34,APARECIDENSE|GO,Aparecidense (GO),GO,68,94,51.47,8,6,2,2,2,11,10,1
2018,D,35,BARCELONA|RO,Barcelona (RO),RO,68,95,50.0,8,6,2,2,2,8,7,1
2018,D,36,JACUIPENSE|BA,Jacuipense (BA),BA,68,96,48.53,8,6,2,2,2,8,8,0
2018,D,37,AMERICANO|RJ,Americano (RJ),RJ,68,97,47.06,8,6,2,2,2,10,11,-1
2018,D,38,SAO RAIMUNDO|RR,São Raimundo (RR),RR,68,98,45.59,8,6,2,2,2,10,11,-1
2018,D,39,SAO RAIMUNDO|PA,São Raimundo (PA),PA,68,99,44.12,8,6,2,2,2,7,8,-1
2018,D,40,VITORIA DA CONQUISTA|BA,Vitória da Conquista (BA),BA,68,100,42.65,8,6,2,2,2,4,6,-2
2018,D,41,CORUMBAENSE|MS,Corumbaense (MS),MS,68,101,41.18,8,6,2,2,2,5,9,-4
2018,D,42,MIRASSOL|SP,Mirassol (SP),SP,68,102,39.71,7,6,2,1,3,3,5,-2
2018,D,43,PRUDENTOPOLIS|PR,Prudentópolis (PR),PR,68,103,38.24,6,6,2,0,4,6,8,-2
2018,D,44,MACAPA|AP,Macapá (AP),AP,68,104,36.76,6,6,2,0,4,7,16,-9
2018,D,45,CENTRAL|PE,Central (PE),PE,68,105,35.29,6,6,1,3,2,7,6,1
2018,D,46,MADUREIRA|RJ,Madureira (RJ),RJ,68,106,33.82,6,6,1,3,2,6,7,-1
2018,D,47,CALDENSE|MG,Caldense (MG),MG,68,107,32.35,6,6,1,3,2,5,7,-2
2018,D,48,4 DE JULHO|PI,4 de Julho (PI),PI,68,108,30.88,6,6,1,3,2,3,5,-2
2018,D,49,REAL ARIQUEMES|RO,Real Ariquemes (RO),RO,68,109,29.41,6,6,1,3,2,7,10,-3
2018,D,50,CIANORTE|PR,Cianorte (PR),PR,68,110,27.94,6,6,1,3,2,2,5,-3
2018,D,51,CEILANDIA|DF,Ceilândia (DF),DF,68,111,26.47,5,6,1,2,3,9,11,-2
2018,D,52,INTERPORTO|TO,Interporto (TO),TO,68,112,25.0,5,6,1,2,3,7,9,-2
2018,D,53,SPARTA|TO,Sparta (TO),TO,68,113,23.53,5,6,1,2,3,6,9,-3
2018,D,54,BARE|RR,Baré (RR),RR,68,114,22.06,5,6,1,2,3,5,8,-3
2018,D,55,ASSU|RN,Assu (RN),RN,68,115,20.59,4,6,1,1,4,2,6,-4
2018,D,56,PLACIDO DE CASTRO|AC,Plácido de Castro (AC),AC,68,116,19.12,4,6,1,1,4,8,19,-11
2018,D,57,FLAMENGO|PE,Flamengo (PE),PE,68,117,17.65,4,6,1,1,4,4,16,-12
2018,D,58,ASA|AL,ASA (AL),AL,68,118,16.18,4,6,0,4,2,7,11,-4
2018,D,59,BELO JARDIM|PE,Belo Jardim (PE),PE,68,119,14.71,4,6,0,4,2,6,12,-6
2018,D,60,NOVA IGUACU|RJ,Nova Iguaçu (RJ),RJ,68,120,13.24,3,6,1,0,5,6,11,-5
2018,D,61,MOGI MIRIM|SP,Mogi Mirim (SP),SP,68,121,11.76,3,6,1,0,5,6,14,-8
2018,D,62,SANTA RITA|AL,Santa Rita (AL),AL,68,122,10.29,3,6,1,0,5,6,16,-10
2018,D,63,ATLETICO ITAPEMIRIM|ES,Atlético Itapemirim (ES),ES,68,123,8.82,3,6,0,3,3,3,6,-3
2018,D,64,FERROVIARIA|SP,Ferroviária (SP),SP,68,124,7.35,3,6,0,3,3,3,7,-4
2018,D,65,GUARANI DE JUAZEIRO|CE,Guarani de Juazeiro (CE),CE,68,125,5.88,3,6,0,3,3,8,14,-6
2018,D,66,ESPIRITO SANTO|ES,Espírito Santo (ES),ES,68,126,4.41,2,6,0,2,4,6,12,-6
2018,D,67,DOM BOSCO|MT,Dom Bosco (MT),MT,68,127,2.94,1,6,0,1,5,2,10,-8
2018,D,68,MURICI|AL,Murici (AL),AL,68,128,1.47,1,6,0,1,5,4,16,-12
2019,A,1,FLAMENGO|RJ,Flamengo (RJ),RJ,20,1,400.0,90,38,28,6,4,86,37,49
2019,A,2,SANTOS|SP,Santos (SP),SP,20,2,380.0,74,38,22,8,8,60,33,27
2019,A,3,PALMEIRAS|SP,Palmeiras (SP),SP,20,3,360.0,74,38,21,11,6,61,32,29
2019,A,4,GREMIO|RS,Grêmio (RS),RS,20,4,340.0,65,38,19,8,11,64,39,25
2019,A,5,ATLETICO|PR,Athletico Paranaense (PR),PR,20,5,320.0,64,38,18,10,10,51,32,19
2019,A,6,SAO PAULO|SP,São Paulo (SP),SP,20,6,300.0,63,38,17,12,9,39,30,9
2019,A,7,INTERNACIONAL|RS,Internacional (RS),RS,20,7,280.0,57,38,16,9,13,44,39,5
2019,A,8,CORINTHIANS|SP,Corinthians (SP),SP,20,8,260.0,56,38,14,14,10,42,34,8
2019,A,9,FORTALEZA|CE,Fortaleza (CE),CE,20,9,240.0,53,38,15,8,15,50,49,1
2019,A,10,GOIAS|GO,Goiás (GO),GO,20,10,220.0,52,38,15,7,16,46,64,-18
2019,A,11,BAHIA|BA,Bahia (BA),BA,20,11,200.0,49,38,12,13,13,44,43,1
2019,A,12,VASCO|RJ,Vasco (RJ),RJ,20,12,180.0,49,38,12,13,13,39,45,-6
2019,A,13,ATLETICO|MG,Atlético (MG),MG,20,13,160.0,48,38,13,9,16,45,49,-4
2019,A,14,FLUMINENSE|RJ,Fluminense (RJ),RJ,20,14,140.0,46,38,12,10,16,38,46,-8
2019,A,15,BOTAFOGO|RJ,Botafogo (RJ),RJ,20,15,120.0,43,38,13,4,21,31,45,-14
2019,A,16,CEARA|CE,Ceará (CE),CE,20,16,100.0,39,38,10,9,19,36,41,-5
2019,A,17,CRUZEIRO|MG,Cruzeiro (MG),MG,20,17,80.0,36,38,7,15,16,27,46,-19
2019,A,18,CSA|AL,CSA (AL),AL,20,18,60.0,32,38,8,8,22,24,58,-34
2019,A,19,CHAPECOENSE|SC,Chapecoense (SC),SC,20,19,40.0,32,38,7,11,20,31,52,-21
2019,A,20,AVAI|SC,Avaí (SC),SC,20,20,20.0,20,38,3,11,24,18,62,-44
2019,B,1,BRAGANTINO|SP,Bragantino (SP),SP,20,21,300.0,75,38,22,9,7,64,27,37
2019,B,2,SPORT|PE,Sport (PE),PE,20,22,285.0,68,38,17,17,4,49,29,20
2019,B,3,CORITIBA|PR,Coritiba (PR),PR,20,23,270.0,66,38,18,12,8,48,34,14
2019,B,4,ATLETICO|GO,Atlético (GO),GO,20,24,255.0,62,38,15,17,6,44,29,15
2019,B,5,AMERICA|MG,América (MG),MG,20,25,240.0,61,38,17,10,11,42,34,8
2019,B,6,PARANA|PR,Paraná (PR),PR,20,26,225.0,56,38,14,14,10,34,33,1
2019,B,7,CRB|AL,CRB (AL),AL,20,27,210.0,55,38,15,10,13,44,43,1
2019,B,8,CUIABA|MT,Cuiabá (MT),MT,20,28,195.0,52,38,13,13,12,43,40,3
2019,B,9,BOTAFOGO|SP,Botafogo (SP),SP,20,29,180.0,50,38,13,11,14,38,38,0
2019,B,10,OPERARIO|PR,Operário (PR),PR,20,30,165.0,50,38,13,11,14,32,41,-9
2019,B,11,PONTE PRETA|SP,Ponte Preta (SP),SP,20,31,150.0,47,38,11,14,13,41,39,2
2019,B,12,VITORIA|BA,Vitória (BA),BA,20,32,135.0,45,38,11,12,15,42,48,-6
2019,B,13,GUARANI|SP,Guarani (SP),SP,20,33,120.0,44,38,12,8,18,27,37,-10
2019,B,14,BRASIL|RS,Brasil (RS),RS,20,34,105.0,44,38,11,11,16,31,47,-16
2019,B,15,OESTE|SP,Oeste (SP),SP,20,35,90.0,41,38,8,17,13,41,49,-8
2019,B,16,FIGUEIRENSE|SC,Figueirense (SC),SC,20,36,75.0,41,38,7,20,11,31,38,-7
2019,B,17,LONDRINA|PR,Londrina (PR),PR,20,37,60.0,39,38,11,6,21,37,53,-16
2019,B,18,SAO BENTO|SP,São Bento (SP),SP,20,38,45.0,39,38,10,9,19,46,54,-8
2019,B,19,CRICIUMA|SC,Criciúma (SC),SC,20,39,30.0,39,38,8,15,15,30,38,-8
2019,B,20,VILA NOVA|GO,Vila Nova (GO),GO,20,40,15.0,39,38,7,18,13,27,40,-13
2019,C,1,NAUTICO|PE,Náutico (PE),PE,20,41,200.0,42,24,12,6,6,34,26,8
2019,C,2,SAMPAIO CORREA|MA,Sampaio Corrêa (MA),MA,20,42,190.0,42,24,12,6,6,31,26,5
2019,C,3,JUVENTUDE|RS,Juventude (RS),RS,20,43,180.0,35,22,9,8,5,27,17,10
2019,C,4,CONFIANCA|SE,Confiança (SE),SE,20,44,170.0,30,22,8,6,8,24,26,-2
2019,C,5,PAYSANDU|PA,Paysandu (PA),PA,20,45,160.0,30,20,6,12,2,20,13,7
2019,C,6,IMPERATRIZ|MA,Imperatriz (MA),MA,20,46,150.0,29,20,8,5,7,27,26,1
2019,C,7,YPIRANGA|RS,Ypiranga (RS),RS,20,47,140.0,29,20,7,8,5,19,12,7
2019,C,8,SAO JOSE|RS,São José (RS),RS,20,48,130.0,29,20,6,11,3,27,20,7
2019,C,9,REMO|PA,Remo (PA),PA,20,49,120.0,27,18,6,9,3,19,14,5
2019,C,10,FERROVIARIO|CE,Ferroviário (CE),CE,20,50,110.0,25,18,7,4,7,21,20,1
2019,C,11,BOTAFOGO|PB,Botafogo (PB),PB,20,51,100.0,25,18,6,7,5,26,22,4
2019,C,12,VOLTA REDONDA|RJ,Volta Redonda (RJ),RJ,20,52,90.0,25,18,6,7,5,22,19,3
2019,C,13,SANTA CRUZ|PE,Santa Cruz (PE),PE,20,53,80.0,25,18,6,7,5,24,27,-3
2019,C,14,TOMBENSE|MG,Tombense (MG),MG,20,54,70.0,23,18,6,5,7,17,20,-3
2019,C,15,BOA ESPORTE|MG,Boa Esporte (MG),MG,20,55,60.0,20,18,4,8,6,16,19,-3
2019,C,16,TREZE|PB,Treze (PB),PB,20,56,50.0,19,18,5,4,9,22,27,-5
2019,C,17,ABC|RN,ABC (RN),RN,20,57,40.0,18,18,4,6,8,19,22,-3
2019,C,18,GLOBO|RN,Globo (RN),RN,20,58,30.0,16,18,4,4,10,19,27,-8
2019,C,19,LUVERDENSE|MT,Luverdense (MT),MT,20,59,20.0,13,18,1,10,7,13,19,-6
2019,C,20,ATLETICO ACREANO|AC,Atlético Acreano (AC),AC,20,60,10.0,11,18,2,5,11,12,37,-25
2019,D,1,BRUSQUE|SC,Brusque (SC),SC,68,61,100.0,31,16,9,4,3,31,14,17
2019,D,2,MANAUS|AM,Manaus (AM),AM,68,62,98.53,32,16,9,5,2,32,16,16
2019,D,3,ITUANO|SP,Ituano (SP),SP,68,63,97.06,27,14,8,3,3,22,9,13
2019,D,4,JACUIPENSE|BA,Jacuipense (BA),BA,68,64,95.59,27,14,8,3,3,19,9,10
2019,D,5,ITABAIANA|SE,Itabaiana (SE),SE,68,65,94.12,25,12,8,1,3,18,11,7
2019,D,6,CAXIAS|RS,Caxias (RS),RS,68,66,92.65,20,12,5,5,2,11,8,3
2019,D,7,JUAZEIRENSE|BA,Juazeirense (BA),BA,68,67,91.18,19,12,5,4,3,11,10,1
2019,D,8,FLORESTA|CE,Floresta (CE),CE,68,68,89.71,18,12,4,6,2,21,14,7
2019,D,9,SAO RAIMUNDO|PA,São Raimundo (PA),PA,68,69,88.24,20,10,6,2,2,15,9,6
2019,D,10,BOAVISTA|RJ,Boavista (RJ),RJ,68,70,86.76,19,10,6,1,3,11,10,1
2019,D,11,AMERICA|RN,América (RN),RN,68,71,85.29,18,10,5,3,2,22,3,19
2019,D,12,IPORA|GO,Iporá (GO),GO,68,72,83.82,18,10,5,3,2,13,8,5
2019,D,13,VITORIA|ES,Vitória (ES),ES,68,73,82.35,16,10,4,4,2,10,7,3
2019,D,14,FLUMINENSE|BA,Fluminense (BA),BA,68,74,80.88,16,10,4,4,2,10,8,2
2019,D,15,CIANORTE|PR,Cianorte (PR),PR,68,75,79.41,16,10,4,4,2,6,5,1
2019,D,16,BRAGANTINO|PA,Bragantino (PA),PA,68,76,77.94,13,10,4,1,5,13,12,1
2019,D,17,ATLETICO CEARENSE|CE,Atlético Cearense (CE),CE,68,77,76.47,18,8,6,0,2,14,10,4
2019,D,18,NOVORIZONTINO|SP,Novorizontino (SP),SP,68,78,75.0,17,8,5,2,1,14,4,10
2019,D,19,CALDENSE|MG,Caldense (MG),MG,68,79,73.53,16,8,5,1,2,8,5,3
2019,D,20,ASA|AL,ASA (AL),AL,68,80,72.06,16,8,5,1,2,11,9,2
2019,D,21,MOTO CLUB|MA,Moto Club (MA),MA,68,81,70.59,15,8,4,3,1,19,9,10
2019,D,22,SAO RAIMUNDO|RR,São Raimundo (RR),RR,68,82,69.12,13,8,4,1,3,16,8,8
2019,D,23,PATROCINENSE|MG,Patrocinense (MG),MG,68,83,67.65,13,8,4,1,3,10,8,2
2019,D,24,AMERICA|PE,América (PE),PE,68,84,66.18,13,8,4,1,3,9,10,-1
2019,D,25,BRASILIENSE|DF,Brasiliense (DF),DF,68,85,64.71,13,8,3,4,1,6,4,2
2019,D,26,CENTRAL|PE,Central (PE),PE,68,86,63.24,12,8,4,0,4,13,10,3
2019,D,27,AVENIDA|RS,Avenida (RS),RS,68,87,61.76,12,8,3,3,2,6,5,1
2019,D,28,FERROVIARIA|SP,Ferroviária (SP),SP,68,88,60.29,11,8,3,2,3,4,3,1
2019,D,29,REAL ARIQUEMES|RO,Real Ariquemes (RO),RO,68,89,58.82,11,8,3,2,3,11,15,-4
2019,D,30,SALGUEIRO|PE,Salgueiro (PE),PE,68,90,57.35,11,8,2,5,1,9,8,1
2019,D,31,UNIAO RONDONOPOLIS|MT,União Rondonópolis (MT),MT,68,91,55.88,10,8,3,1,4,12,14,-2
2019,D,32,HERCILIO LUZ|SC,Hercílio Luz (SC),SC,68,92,54.41,10,8,3,1,4,5,8,-3
2019,D,33,APARECIDENSE|GO,Aparecidense (GO),GO,68,93,52.94,9,6,3,0,3,8,5,3
2019,D,34,ALTOS|PI,Altos (PI),PI,68,94,51.47,9,6,3,0,3,7,10,-3
2019,D,35,FAST CLUBE|AM,Fast Clube (AM),AM,68,95,50.0,9,6,2,3,1,9,5,4
2019,D,36,RIVER|PI,Ríver (PI),PI,68,96,48.53,9,6,2,3,1,10,7,3
2019,D,37,SINOP|MT,Sinop (MT),MT,68,97,47.06,9,6,2,3,1,7,8,-1
2019,D,38,ANAPOLINA|GO,Anapolina (GO),GO,68,98,45.59,8,6,2,2,2,6,6,0
2019,D,39,MARINGA|PR,Maringá (PR),PR,68,99,44.12,8,6,2,2,2,4,5,-1
2019,D,40,BARCELONA|RO,Barcelona (RO),RO,68,100,42.65,8,6,2,2,2,7,10,-3
2019,D,41,BAHIA DE FEIRA|BA,Bahia de Feira (BA),BA,68,101,41.18,7,6,3,1,2,12,5,7
2019,D,42,CAMPINENSE|PB,Campinense (PB),PB,68,102,39.71,7,6,2,1,3,6,5,1
2019,D,43,CORUMBAENSE|MS,Corumbaense (MS),MS,68,103,38.24,7,6,2,1,3,9,9,0
2019,D,44,PORTUGUESA|RJ,Portuguesa (RJ),RJ,68,104,36.76,7,6,2,1,3,5,6,-1
2019,D,45,JOINVILLE|SC,Joinville (SC),SC,68,105,35.29,7,6,2,1,3,3,4,-1
2019,D,46,PALMAS|TO,Palmas (TO),TO,68,106,33.82,6,6,1,3,2,5,6,-1
2019,D,47,URT|MG,URT (MG),MG,68,107,32.35,6,6,1,3,2,2,3,-1
2019,D,48,GALVEZ|AC,Galvez (AC),AC,68,108,30.88,6,6,1,3,2,10,12,-2
2019,D,49,SERGIPE|SE,Sergipe (SE),SE,68,109,29.41,5,6,1,2,3,11,10,1
2019,D,50,SAO CAETANO|SP,São Caetano (SP),SP,68,110,27.94,5,6,1,2,3,7,7,0
2019,D,51,OPERARIO|MS,Operário (MS),MS,68,111,26.47,5,6,1,2,3,6,9,-3
2019,D,52,ITABORAI|RJ,Itaboraí (RJ),RJ,68,112,25.0,5,6,1,2,3,6,10,-4
2019,D,53,YPIRANGA|AP,Ypiranga (AP),AP,68,113,23.53,5,6,1,2,3,8,13,-5
2019,D,54,TUPI|MG,Tupi (MG),MG,68,114,22.06,5,6,1,2,3,5,10,-5
2019,D,55,SANTA CRUZ|RN,Santa Cruz (RN),RN,68,115,20.59,5,6,1,2,3,6,14,-8
2019,D,56,TUBARAO|SC,Tubarão (SC),SC,68,116,19.12,4,6,1,1,4,7,13,-6
2019,D,57,CORURIPE|AL,Coruripe (AL),AL,68,117,17.65,4,6,1,1,4,2,9,-7
2019,D,58,RIO BRANCO|AC,Rio Branco (AC),AC,68,118,16.18,4,6,1,1,4,6,16,-10
2019,D,59,GAUCHO|RS,Gaúcho (RS),RS,68,119,14.71,3,6,1,0,5,5,8,-3
2019,D,60,MARANHAO|MA,Maranhão (MA),MA,68,120,13.24,3,6,1,0,5,10,16,-6
2019,D,61,FOZ DO IGUACU|PR,Foz do Iguaçu (PR),PR,68,121,11.76,3,6,1,0,5,3,13,-10
2019,D,62,SERRA|ES,Serra (ES),ES,68,122,10.29,2,6,0,2,4,1,11,-10
2019,D,63,SANTOS|AP,Santos (AP),AP,68,123,8.82,1,6,0,1,5,3,10,-7
2019,D,64,INTERPORTO|TO,Interporto (TO),TO,68,124,7.35,1,6,0,1,5,2,13,-11
2019,D,65,ATLETICO RORAIMA|RR,Atlético Roraima (RR),RR,68,125,5.88,1,6,0,1,5,3,15,-12
2019,D,66,SOBRADINHO|DF,Sobradinho (DF),DF,68,126,4.41,0,6,0,0,6,1,9,-8
2019,D,67,VITORIA|PE,Vitória (PE),PE,68,127,2.94,0,6,0,0,6,3,16,-13
2019,D,68,SERRANO|PR,Serrano (PR),PR,68,128,1.47,0,6,0,0,6,2,28,-26
2020,A,1,FLAMENGO|RJ,Flamengo (RJ),RJ,20,1,400.0,71,38,21,8,9,68,48,20
2020,A,2,INTERNACIONAL|RS,Internacional (RS),RS,20,2,380.0,70,38,20,10,8,61,35,26
2020,A,3,ATLETICO|MG,Atlético (MG),MG,20,3,360.0,68,38,20,8,10,64,45,19
2020,A,4,SAO PAULO|SP,São Paulo (SP),SP,20,4,340.0,66,38,18,12,8,59,40,19
2020,A,5,FLUMINENSE|RJ,Fluminense (RJ),RJ,20,5,320.0,64,38,18,10,10,55,42,13
2020,A,6,GREMIO|RS,Grêmio (RS),RS,20,6,300.0,59,38,14,17,7,53,40,13
2020,A,7,PALMEIRAS|SP,Palmeiras (SP),SP,20,7,280.0,58,38,15,13,10,51,37,14
2020,A,8,SANTOS|SP,Santos (SP),SP,20,8,260.0,54,38,14,12,12,52,51,1
2020,A,9,ATLETICO|PR,Athletico Paranaense (PR),PR,20,9,240.0,53,38,15,8,15,38,36,2
2020,A,10,BRAGANTINO|SP,Bragantino (SP),SP,20,10,220.0,53,38,13,14,11,50,40,10
2020,A,11,CEARA|CE,Ceará (CE),CE,20,11,200.0,52,38,14,10,14,54,51,3
2020,A,12,CORINTHIANS|SP,Corinthians (SP),SP,20,12,180.0,51,38,13,12,13,45,45,0
2020,A,13,ATLETICO|GO,Atlético (GO),GO,20,13,160.0,50,38,12,14,12,40,45,-5
2020,A,14,BAHIA|BA,Bahia (BA),BA,20,14,140.0,44,38,12,8,18,48,59,-11
2020,A,15,SPORT|PE,Sport (PE),PE,20,15,120.0,42,38,12,6,20,31,50,-19
2020,A,16,FORTALEZA|CE,Fortaleza (CE),CE,20,16,100.0,41,38,10,11,17,34,44,-10
2020,A,17,VASCO|RJ,Vasco (RJ),RJ,20,17,80.0,41,38,10,11,17,37,56,-19
2020,A,18,GOIAS|GO,Goiás (GO),GO,20,18,60.0,37,38,9,10,19,41,63,-22
2020,A,19,CORITIBA|PR,Coritiba (PR),PR,20,19,40.0,31,38,7,10,21,31,54,-23
2020,A,20,BOTAFOGO|RJ,Botafogo (RJ),RJ,20,20,20.0,27,38,5,12,21,32,62,-30
2020,B,1,CHAPECOENSE|SC,Chapecoense (SC),SC,20,21,300.0,73,38,20,13,5,42,21,21
2020,B,2,AMERICA|MG,América (MG),MG,20,22,285.0,73,38,20,13,5,43,23,20
2020,B,3,JUVENTUDE|RS,Juventude (RS),RS,20,23,270.0,61,38,17,10,11,52,42,10
2020,B,4,CUIABA|MT,Cuiabá (MT),MT,20,24,255.0,61,38,17,10,11,48,40,8
2020,B,5,CSA|AL,CSA (AL),AL,20,25,240.0,58,38,16,10,12,50,37,13
2020,B,6,SAMPAIO CORREA|MA,Sampaio Corrêa (MA),MA,20,26,225.0,57,38,17,6,15,50,38,12
2020,B,7,PONTE PRETA|SP,Ponte Preta (SP),SP,20,27,210.0,57,38,16,9,13,54,49,5
2020,B,8,OPERARIO|PR,Operário (PR),PR,20,28,195.0,57,38,15,12,11,40,34,6
2020,B,9,AVAI|SC,Avaí (SC),SC,20,29,180.0,55,38,16,7,15,45,49,-4
2020,B,10,CRB|AL,CRB (AL),AL,20,30,165.0,52,38,15,7,16,48,47,1
2020,B,11,CRUZEIRO|MG,Cruzeiro (MG),MG,20,31,150.0,49,38,14,13,11,39,32,7
2020,B,12,BRASIL|RS,Brasil (RS),RS,20,32,135.0,49,38,11,16,11,31,33,-2
2020,B,13,GUARANI|SP,Guarani (SP),SP,20,33,120.0,48,38,13,9,16,41,48,-7
2020,B,14,VITORIA|BA,Vitória (BA),BA,20,34,105.0,48,38,11,15,12,45,45,0
2020,B,15,CONFIANCA|SE,Confiança (SE),SE,20,35,90.0,46,38,12,10,16,38,46,-8
2020,B,16,NAUTICO|PE,Náutico (PE),PE,20,36,75.0,44,38,10,14,14,35,42,-7
2020,B,17,FIGUEIRENSE|SC,Figueirense (SC),SC,20,37,60.0,39,38,9,12,17,35,49,-14
2020,B,18,PARANA|PR,Paraná (PR),PR,20,38,45.0,37,38,9,10,19,34,50,-16
2020,B,19,BOTAFOGO|SP,Botafogo (SP),SP,20,39,30.0,34,38,8,10,19,34,50,-16
2020,B,20,OESTE|SP,Oeste (SP),SP,20,40,15.0,29,38,7,8,23,28,60,-32
2020,C,1,VILA NOVA|GO,Vila Nova (GO),GO,20,41,200.0,47,26,13,8,5,34,21,13
2020,C,2,REMO|PA,Remo (PA),PA,20,42,190.0,41,26,11,8,7,30,23,7
2020,C,3,LONDRINA|PR,Londrina (PR),PR,20,43,180.0,38,24,10,8,6,27,22,5
2020,C,4,BRUSQUE|SC,Brusque (SC),SC,20,44,170.0,38,24,10,8,6,32,32,0
2020,C,5,SANTA CRUZ|PE,Santa Cruz (PE),PE,20,45,160.0,45,24,13,6,5,40,23,17
2020,C,6,YPIRANGA|RS,Ypiranga (RS),RS,20,46,150.0,38,24,11,5,8,39,35,4
2020,C,7,PAYSANDU|PA,Paysandu (PA),PA,20,47,140.0,36,24,10,6,8,31,22,9
2020,C,8,ITUANO|SP,Ituano (SP),SP,20,48,130.0,34,24,9,7,8,35,30,5
2020,C,9,TOMBENSE|MG,Tombense (MG),MG,20,49,120.0,27,18,7,6,5,21,18,3
2020,C,10,MANAUS|AM,Manaus (AM),AM,20,50,110.0,26,18,6,8,4,19,18,1
2020,C,11,JACUIPENSE|BA,Jacuipense (BA),BA,20,51,100.0,24,18,6,6,6,19,21,-2
2020,C,12,FERROVIARIO|CE,Ferroviário (CE),CE,20,52,90.0,23,18,6,5,7,27,22,5
2020,C,13,VOLTA REDONDA|RJ,Volta Redonda (RJ),RJ,20,53,80.0,23,18,5,8,5,31,23,8
2020,C,14,SAO JOSE|RS,São José (RS),RS,20,54,70.0,20,18,5,5,8,15,23,-8
2020,C,15,BOTAFOGO|PB,Botafogo (PB),PB,20,55,60.0,20,18,4,8,6,19,17,2
2020,C,16,CRICIUMA|SC,Criciúma (SC),SC,20,56,50.0,19,18,4,7,7,20,25,-5
2020,C,17,TREZE|PB,Treze (PB),PB,20,57,40.0,19,18,4,7,7,19,21,-2
2020,C,18,SAO BENTO|SP,São Bento (SP),SP,20,58,30.0,17,18,3,8,7,13,20,-7
2020,C,19,BOA ESPORTE|MG,Boa Esporte (MG),MG,20,59,20.0,15,18,2,9,7,17,23,-6
2020,C,20,IMPERATRIZ|MA,Imperatriz (MA),MA,20,60,10.0,1,18,0,1,17,10,60,-50
2020,D,1,MIRASSOL|SP,Mirassol (SP),SP,68,61,100.0,50,24,15,5,4,49,15,34
2020,D,2,FLORESTA|CE,Floresta (CE),CE,68,62,98.53,40,24,10,10,4,36,22,14
2020,D,3,NOVORIZONTINO|SP,Novorizontino (SP),SP,68,63,97.06,45,22,13,6,3,30,12,18
2020,D,4,ALTOS|PI,Altos (PI),PI,68,64,95.59,42,22,13,3,6,40,26,14
2020,D,5,AMERICA|RN,América (RN),RN,68,65,94.12,36,20,10,6,4,36,14,22
2020,D,6,APARECIDENSE|GO,Aparecidense (GO),GO,68,66,92.65,35,20,10,5,5,44,22,22
2020,D,7,FAST CLUBE|AM,Fast Clube (AM),AM,68,67,91.18,31,20,8,7,5,31,22,9
2020,D,8,MARCILIO DIAS|SC,Marcílio Dias (SC),SC,68,68,89.71,30,20,7,9,4,21,17,4
2020,D,9,BRASILIENSE|DF,Brasiliense (DF),DF,68,69,88.24,40,18,12,4,2,38,16,22
2020,D,10,GOIANIA|GO,Goiânia (GO),GO,68,70,86.76,33,18,9,6,3,27,20,7
2020,D,11,SALGUEIRO|PE,Salgueiro (PE),PE,68,71,85.29,31,18,8,7,3,27,14,13
2020,D,12,SAO LUIZ|RS,São Luiz (RS),RS,68,72,83.82,30,18,8,6,4,21,16,5
2020,D,13,GALVEZ|AC,Galvez (AC),AC,68,73,82.35,29,18,8,5,5,29,25,4
2020,D,14,GOIANESIA|GO,Goianésia (GO),GO,68,74,80.88,27,18,7,6,5,26,22,4
2020,D,15,JUVENTUDE|MA,Juventude (MA),MA,68,75,79.41,26,18,7,5,6,25,19,6
2020,D,16,GLOBO|RN,Globo (RN),RN,68,76,77.94,25,18,6,7,5,21,21,0
2020,D,17,GAMA|DF,Gama (DF),DF,68,77,76.47,33,16,10,3,3,32,14,18
2020,D,18,FERROVIARIA|SP,Ferroviária (SP),SP,68,78,75.0,31,16,9,4,3,31,12,19
2020,D,19,RIVER|PI,Ríver (PI),PI,68,79,73.53,30,16,9,3,4,22,13,9
2020,D,20,BRAGANTINO|PA,Bragantino (PA),PA,68,80,72.06,29,16,8,5,3,30,17,13
2020,D,21,CASCAVEL|PR,Cascavel (PR),PR,68,81,70.59,27,16,8,3,5,25,19,6
2020,D,22,ABC|RN,ABC (RN),RN,68,82,69.12,27,16,7,6,3,27,9,18
2020,D,23,MOTO CLUB|MA,Moto Club (MA),MA,68,83,67.65,27,16,7,6,3,25,18,7
2020,D,24,CABOFRIENSE|RJ,Cabofriense (RJ),RJ,68,84,66.18,26,16,7,5,4,27,19,8
2020,D,25,ATLETICO|BA,Atlético (BA),BA,68,85,64.71,25,16,7,4,5,29,20,9
2020,D,26,VITORIA DA CONQUISTA|BA,Vitória da Conquista (BA),BA,68,86,63.24,25,16,7,4,5,28,28,0
2020,D,27,CORURIPE|AL,Coruripe (AL),AL,68,87,61.76,24,16,7,3,6,14,22,-8
2020,D,28,ITABAIANA|SE,Itabaiana (SE),SE,68,88,60.29,24,16,6,6,4,32,23,9
2020,D,29,CAXIAS|RS,Caxias (RS),RS,68,89,58.82,24,16,6,6,4,19,12,7
2020,D,30,TUPYNAMBAS|MG,Tupynambás (MG),MG,68,90,57.35,24,16,6,6,4,20,21,-1
2020,D,31,RIO BRANCO|AC,Rio Branco (AC),AC,68,91,55.88,21,16,5,6,5,18,19,-1
2020,D,32,REAL NOROESTE|ES,Real Noroeste (ES),ES,68,92,54.41,20,16,5,5,6,21,22,-1
2020,D,33,PORTUGUESA|RJ,Portuguesa (RJ),RJ,68,93,52.94,23,14,6,5,3,21,11,10
2020,D,34,SAO RAIMUNDO|RR,São Raimundo (RR),RR,68,94,51.47,21,14,6,3,5,16,8,8
2020,D,35,CENTRAL|PE,Central (PE),PE,68,95,50.0,21,14,4,9,1,19,10,9
2020,D,36,PELOTAS|RS,Pelotas (RS),RS,68,96,48.53,20,14,5,5,4,21,11,10
2020,D,37,JOINVILLE|SC,Joinville (SC),SC,68,97,47.06,20,14,5,5,4,17,11,6
2020,D,38,AGUIA NEGRA|MS,Águia Negra (MS),MS,68,98,45.59,19,14,5,4,5,20,26,-6
2020,D,39,POTIGUAR|RN,Potiguar (RN),RN,68,99,44.12,19,14,4,7,3,27,24,3
2020,D,40,BAHIA DE FEIRA|BA,Bahia de Feira (BA),BA,68,100,42.65,18,14,5,3,6,20,16,4
2020,D,41,INDEPENDENTE|PA,Independente (PA),PA,68,101,41.18,17,14,5,2,7,20,30,-10
2020,D,42,BANGU|RJ,Bangu (RJ),RJ,68,102,39.71,17,14,4,5,5,13,19,-6
2020,D,43,VITORIA|ES,Vitória (ES),ES,68,103,38.24,16,14,5,1,8,18,22,-4
2020,D,44,ATLETICO CAJAZEIRENSE|PB,Atlético Cajazeirense (PB),PB,68,104,36.76,16,14,5,1,8,17,21,-4
2020,D,45,JI PARANA|RO,Ji-Paraná (RO),RO,68,105,35.29,16,14,4,4,6,16,21,-5
2020,D,46,CALDENSE|MG,Caldense (MG),MG,68,106,33.82,15,14,4,3,7,10,21,-11
2020,D,47,CAMPINENSE|PB,Campinense (PB),PB,68,107,32.35,15,14,3,6,5,13,15,-2
2020,D,48,AFOGADOS|PE,Afogados (PE),PE,68,108,30.88,13,14,4,1,9,15,33,-18
2020,D,49,BARE|RR,Baré (RR),RR,68,109,29.41,13,14,3,4,7,15,27,-12
2020,D,50,OPERARIO|MT,Operário (MT),MT,68,110,27.94,12,14,3,3,8,13,24,-11
2020,D,51,VILLA NOVA|MG,Villa Nova (MG),MG,68,111,26.47,12,14,3,3,8,11,23,-12
2020,D,52,UNIAO RONDONOPOLIS|MT,União Rondonópolis (MT),MT,68,112,25.0,11,14,3,2,9,18,30,-12
2020,D,53,SANTOS|AP,Santos (AP),AP,68,113,23.53,11,14,3,2,9,12,26,-14
2020,D,54,FREIPAULISTANO|SE,Freipaulistano (SE),SE,68,114,22.06,11,14,2,5,7,12,15,-3
2020,D,55,VILHENENSE|RO,Vilhenense (RO),RO,68,115,20.59,11,14,2,5,7,15,22,-7
2020,D,56,GUARANY|CE,Guarany (CE),CE,68,116,19.12,11,14,2,5,7,10,20,-10
2020,D,57,ATLETICO ACREANO|SC,Atlético Acreano (SC),SC,68,117,17.65,8,14,0,8,6,15,29,-14
2020,D,58,SINOP|MT,Sinop (MT),MT,68,118,16.18,7,14,2,1,11,9,27,-18
2020,D,59,TUBARAO|SC,Tubarão (SC),SC,68,119,14.71,7,14,1,4,9,8,23,-15
2020,D,60,SAO CAETANO|SP,São Caetano (SP),SP,68,120,13.24,6,14,1,3,10,5,35,-30
2020,D,61,NACIONAL|PR,Nacional (PR),PR,68,121,11.76,5,14,1,2,11,9,45,-36
2020,D,62,TOLEDO|PR,Toledo (PR),PR,68,122,10.29,4,14,1,1,12,12,40,-28
2020,D,63,JACIOBA|AL,Jaciobá (AL),AL,68,123,8.82,4,14,0,4,10,17,54,-37
2020,D,64,PALMAS|TO,Palmas (TO),TO,68,124,7.35,0,14,0,0,14,4,39,-35
2020,D,65,TOCANTINOPOLIS|TO,Tocantinópolis (TO),TO,68,125,5.88,3,2,1,0,1,1,4,-3
2020,D,66,NACIONAL|AM,Nacional (AM),AM,68,126,4.41,0,2,0,0,2,2,4,-2
2020,D,67,AQUIDAUANENSE|MS,Aquidauanense (MS),MS,68,127,2.94,0,2,0,0,2,2,6,-4
2020,D,68,YPIRANGA|AP,Ypiranga (AP),AP,68,128,1.47,0,2,0,0,2,0,4,-4
2021,A,1,ATLETICO|MG,Atlético (MG),MG,20,1,400.0,84,38,26,6,6,67,34,33
2021,A,2,FLAMENGO|RJ,Flamengo (RJ),RJ,20,2,380.0,71,38,21,8,9,69,36,33
2021,A,3,PALMEIRAS|SP,Palmeiras (SP),SP,20,3,360.0,66,38,20,6,12,58,43,15
2021,A,4,FORTALEZA|CE,Fortaleza (CE),CE,20,4,340.0,58,38,17,7,14,44,45,-1
2021,A,5,CORINTHIANS|SP,Corinthians (SP),SP,20,5,320.0,57,38,15,12,11,40,36,4
2021,A,6,RB BRAGANTINO|SP,Rb Bragantino (SP),SP,20,6,300.0,56,38,14,14,10,55,46,9
2021,A,7,FLUMINENSE|RJ,Fluminense (RJ),RJ,20,7,280.0,54,38,15,9,14,38,38,0
2021,A,8,AMERICA|MG,América (MG),MG,20,8,260.0,53,38,13,14,11,41,37,4
2021,A,9,ATLETICO|GO,Atlético (GO),GO,20,9,240.0,53,38,13,14,11,33,36,-3
2021,A,10,SANTOS|SP,Santos (SP),SP,20,10,220.0,50,38,12,14,12,35,40,-5
2021,A,11,CEARA|CE,Ceará (CE),CE,20,11,200.0,50,38,11,17,10,39,38,1
2021,A,12,INTERNACIONAL|RS,Internacional (RS),RS,20,12,180.0,48,38,12,12,14,44,42,2
2021,A,13,SAO PAULO|SP,São Paulo (SP),SP,20,13,160.0,48,38,11,15,12,31,39,-8
2021,A,14,ATLETICO|PR,Athletico Paranaense (PR),PR,20,14,140.0,47,38,13,8,17,41,45,-4
2021,A,15,CUIABA|MT,Cuiabá (MT),MT,20,15,120.0,47,38,10,17,11,34,37,-3
2021,A,16,JUVENTUDE|RS,Juventude (RS),RS,20,16,100.0,46,38,11,13,14,36,44,-8
2021,A,17,GREMIO|RS,Grêmio (RS),RS,20,17,80.0,43,38,12,7,19,44,51,-7
2021,A,18,BAHIA|BA,Bahia (BA),BA,20,18,60.0,43,38,11,10,17,42,51,-9
2021,A,19,SPORT|PE,Sport (PE),PE,20,19,40.0,38,38,9,11,18,24,37,-13
2021,A,20,CHAPECOENSE|SC,Chapecoense (SC),SC,20,20,20.0,15,38,1,12,25,27,67,-40
2021,B,1,BOTAFOGO|RJ,Botafogo (RJ),RJ,20,21,300.0,70,38,20,10,8,56,31,25
2021,B,2,GOIAS|GO,Goiás (GO),GO,20,22,285.0,65,38,17,14,7,48,31,17
2021,B,3,CORITIBA|PR,Coritiba (PR),PR,20,23,270.0,64,38,18,10,10,49,35,14
2021,B,4,AVAI|SC,Avaí (SC),SC,20,24,255.0,64,38,18,10,10,44,35,9
2021,B,5,CSA|AL,CSA (AL),AL,20,25,240.0,62,38,18,8,12,48,33,15
2021,B,6,GUARANI|SP,Guarani (SP),SP,20,26,225.0,60,38,16,12,10,54,41,13
2021,B,7,CRB|AL,CRB (AL),AL,20,27,210.0,60,38,16,12,10,47,39,8
2021,B,8,NAUTICO|PE,Náutico (PE),PE,20,28,195.0,53,38,14,11,13,50,50,0
2021,B,9,VILA NOVA|GO,Vila Nova (GO),GO,20,29,180.0,51,38,12,15,11,35,36,-1
2021,B,10,VASCO|RJ,Vasco (RJ),RJ,20,30,165.0,49,38,13,10,15,43,52,-9
2021,B,11,PONTE PRETA|SP,Ponte Preta (SP),SP,20,31,150.0,49,38,12,13,13,39,40,-1
2021,B,12,OPERARIO|PR,Operário (PR),PR,20,32,135.0,48,38,13,9,16,35,46,-11
2021,B,13,BRUSQUE|SC,Brusque (SC),SC,20,33,120.0,48,38,13,9,16,44,56,-12
2021,B,14,CRUZEIRO|MG,Cruzeiro (MG),MG,20,34,105.0,48,38,10,18,10,42,44,-2
2021,B,15,SAMPAIO CORREA|MA,Sampaio Corrêa (MA),MA,20,35,90.0,47,38,12,11,15,41,42,-1
2021,B,16,LONDRINA|PR,Londrina (PR),PR,20,36,75.0,44,38,11,11,16,31,41,-10
2021,B,17,REMO|PA,Remo (PA),PA,20,37,60.0,43,38,11,10,17,31,42,-11
2021,B,18,VITORIA|BA,Vitória (BA),BA,20,38,45.0,40,38,8,16,14,31,32,-1
2021,B,19,CONFIANCA|SE,Confiança (SE),SE,20,39,30.0,37,38,9,10,19,35,48,-13
2021,B,20,BRASIL|RS,Brasil (RS),RS,20,40,15.0,23,38,4,11,23,23,52,-29
2021,C,1,ITUANO|SP,Ituano (SP),SP,20,41,200.0,50,26,14,8,4,37,22,15
2021,C,2,TOMBENSE|MG,Tombense (MG),MG,20,42,190.0,39,26,9,12,5,31,24,7
2021,C,3,NOVORIZONTINO|SP,Novorizontino (SP),SP,20,43,180.0,48,24,15,3,6,31,20,11
2021,C,4,CRICIUMA|SC,Criciúma (SC),SC,20,44,170.0,39,24,11,6,7,22,17,5
2021,C,5,YPIRANGA|RS,Ypiranga (RS),RS,20,45,160.0,38,24,10,8,6,32,23,9
2021,C,6,BOTAFOGO|PB,Botafogo (PB),PB,20,46,150.0,35,24,8,11,5,20,15,5
2021,C,7,MANAUS|AM,Manaus (AM),AM,20,47,140.0,32,24,8,8,8,31,33,-2
2021,C,8,PAYSANDU|PA,Paysandu (PA),PA,20,48,130.0,32,24,8,8,8,25,29,-4
2021,C,9,FIGUEIRENSE|SC,Figueirense (SC),SC,20,49,120.0,29,18,8,5,5,19,14,5
2021,C,10,VOLTA REDONDA|RJ,Volta Redonda (RJ),RJ,20,50,110.0,26,18,6,8,4,21,16,5
2021,C,11,FERROVIARIO|CE,Ferroviário (CE),CE,20,51,100.0,24,18,5,9,4,14,12,2
2021,C,12,SAO JOSE|RS,São José (RS),RS,20,52,90.0,23,18,6,5,7,22,22,0
2021,C,13,BOTAFOGO|SP,Botafogo (SP),SP,20,53,80.0,22,18,6,4,8,15,22,-7
2021,C,14,ALTOS|PI,Altos (PI),PI,20,54,70.0,21,18,5,6,7,21,23,-2
2021,C,15,FLORESTA|CE,Floresta (CE),CE,20,55,60.0,21,18,4,9,5,15,17,-2
2021,C,16,MIRASSOL|SP,Mirassol (SP),SP,20,56,50.0,19,18,6,1,11,17,26,-9
2021,C,17,PARANA|PR,Paraná (PR),PR,20,57,40.0,16,18,4,4,10,17,21,-4
2021,C,18,JACUIPENSE|BA,Jacuipense (BA),BA,20,58,30.0,18,18,3,9,6,13,21,-8
2021,C,19,SANTA CRUZ|PE,Santa Cruz (PE),PE,20,59,20.0,12,18,2,6,10,11,19,-8
2021,C,20,OESTE|SP,Oeste (SP),SP,20,60,10.0,7,18,1,4,13,9,27,-18
2021,D,1,APARECIDENSE|GO,Aparecidense (GO),GO,68,61,100.0,46,24,13,7,4,31,15,16
2021,D,2,CAMPINENSE|PB,Campinense (PB),PB,68,62,98.53,40,24,10,10,4,35,20,15
2021,D,3,ABC|RN,ABC (RN),RN,68,63,97.06,43,22,13,4,5,43,21,22
2021,D,4,ATLETICO CEARENSE|CE,Atlético Cearense (CE),CE,68,64,95.59,29,22,7,8,7,29,28,1
2021,D,5,FERROVIARIA|SP,Ferroviária (SP),SP,68,65,94.12,43,20,12,7,1,29,8,21
2021,D,6,AMERICA|RN,América (RN),RN,68,66,92.65,34,20,9,7,4,33,23,10
2021,D,7,UBERLANDIA|MG,Uberlândia (MG),MG,68,67,91.18,31,20,8,7,5,27,20,7
2021,D,8,CAXIAS|RS,Caxias (RS),RS,68,68,89.71,28,20,7,7,6,20,17,3
2021,D,9,JOINVILLE|SC,Joinville (SC),SC,68,69,88.24,33,18,8,9,1,21,10,11
2021,D,10,GUARANY|CE,Guarany (CE),CE,68,70,86.76,32,18,10,2,6,27,14,13
2021,D,11,PARAGOMINAS|PA,Paragominas (PA),PA,68,71,85.29,32,18,9,5,4,31,23,8
2021,D,12,4 DE JULHO|PI,4 de Julho (PI),PI,68,72,83.82,28,18,8,4,6,22,15,7
2021,D,13,UNIAO|MT,União (MT),MT,68,73,82.35,28,18,8,4,6,24,20,4
2021,D,14,MOTO CLUB|MA,Moto Club (MA),MA,68,74,80.88,27,18,8,3,7,26,25,1
2021,D,15,CIANORTE|PR,Cianorte (PR),PR,68,75,79.41,25,18,5,10,3,15,10,5
2021,D,16,ESPORTIVO|RS,Esportivo (RS),RS,68,76,77.94,22,18,5,7,6,18,17,1
2021,D,17,CASTANHAL|PA,Castanhal (PA),PA,68,77,76.47,36,16,11,3,2,34,15,19
2021,D,18,SAO RAIMUNDO|RR,São Raimundo (RR),RR,68,78,75.0,29,16,8,5,3,29,14,15
2021,D,19,JUAZEIRENSE|BA,Juazeirense (BA),BA,68,79,73.53,29,16,7,8,1,19,10,9
2021,D,20,NOVA MUTUM|MT,Nova Mutum (MT),MT,68,80,72.06,28,16,8,4,4,19,14,5
2021,D,21,BRASILIENSE|DF,Brasiliense (DF),DF,68,81,70.59,28,18,8,4,6,27,16,11
2021,D,22,CASCAVEL|PR,Cascavel (PR),PR,68,82,69.12,28,16,7,7,2,27,20,7
2021,D,23,PENAROL|AM,Penarol (AM),AM,68,83,67.65,27,16,8,3,5,24,17,7
2021,D,24,PORTUGUESA|SP,Portuguesa (SP),SP,68,84,66.18,27,16,7,6,3,21,13,8
2021,D,25,ITABAIANA|SE,Itabaiana (SE),SE,68,85,64.71,27,16,7,6,3,23,16,7
2021,D,26,SERGIPE|SE,Sergipe (SE),SE,68,86,63.24,25,16,6,7,3,19,11,8
2021,D,27,BOA ESPORTE|MG,Boa Esporte (MG),MG,68,87,61.76,25,16,6,7,3,21,14,7
2021,D,28,CALDENSE|MG,Caldense (MG),MG,68,88,60.29,24,16,7,3,6,28,22,6
2021,D,29,SANTO ANDRE|SP,Santo André (SP),SP,68,89,58.82,24,16,7,3,6,17,14,3
2021,D,30,GALVEZ|AC,Galvez (AC),AC,68,90,57.35,23,16,7,2,7,22,26,-4
2021,D,31,BANGU|RJ,Bangu (RJ),RJ,68,91,55.88,21,16,5,6,5,16,18,-2
2021,D,32,RETRO|PE,Retrô (PE),PE,68,92,54.41,21,16,4,9,3,20,18,2
2021,D,33,RIO BRANCO VT|ES,Rio Branco-Vt (ES),ES,68,93,52.94,21,16,6,3,7,23,23,0
2021,D,34,RIO BRANCO VN|ES,Rio Branco-Vn (ES),ES,68,94,51.47,21,14,5,6,3,18,13,5
2021,D,35,GOIANESIA|GO,Goianésia (GO),GO,68,95,50.0,21,14,5,6,3,15,14,1
2021,D,36,INTERNACIONAL|SP,Internacional (SP),SP,68,96,48.53,19,14,5,4,5,11,14,-3
2021,D,37,PALMAS|TO,Palmas (TO),TO,68,97,47.06,18,14,5,3,6,19,17,2
2021,D,38,BOAVISTA|RJ,Boavista (RJ),RJ,68,98,45.59,18,14,5,3,6,11,13,-2
2021,D,39,JUVENTUS|SC,Juventus (SC),SC,68,99,44.12,18,14,4,6,4,12,11,1
2021,D,40,ATLETICO|BA,Atlético (BA),BA,68,100,42.65,18,14,4,6,4,15,17,-2
2021,D,41,MARCILIO DIAS|SC,Marcílio Dias (SC),SC,68,101,41.18,18,14,4,6,4,13,17,-4
2021,D,42,IMPERATRIZ|MA,Imperatriz (MA),MA,68,102,39.71,17,14,3,8,3,14,17,-3
2021,D,43,SOUSA|PB,Sousa (PB),PB,68,103,38.24,16,14,4,4,6,16,18,-2
2021,D,44,GAS|RR,GAS (RR),RR,68,104,36.76,15,16,4,3,9,17,30,-13
2021,D,45,FAST CLUBE|AM,Fast Clube (AM),AM,68,105,35.29,15,14,3,6,5,21,20,1
2021,D,46,BAHIA DE FEIRA|BA,Bahia de Feira (BA),BA,68,106,33.82,15,14,3,6,5,18,20,-2
2021,D,47,CENTRAL|PE,Central (PE),PE,68,107,32.35,15,14,3,6,5,13,17,-4
2021,D,48,TREZE|PB,Treze (PB),PB,68,108,30.88,15,14,2,9,3,18,16,2
2021,D,49,SAO BENTO|SP,São Bento (SP),SP,68,109,29.41,14,14,3,5,6,10,13,-3
2021,D,50,MADUREIRA|RJ,Madureira (RJ),RJ,68,110,27.94,14,14,3,5,6,12,16,-4
2021,D,51,JUVENTUDE|MA,Juventude (MA),MA,68,111,26.47,14,14,3,5,6,13,21,-8
2021,D,52,YPIRANGA|AP,Ypiranga (AP),AP,68,112,25.0,13,14,3,4,7,13,22,-9
2021,D,53,PORTO VELHO|RO,Porto Velho (RO),RO,68,113,23.53,13,14,2,7,5,10,16,-6
2021,D,54,AIMORE|RS,Aimoré (RS),RS,68,114,22.06,12,14,3,3,8,15,18,-3
2021,D,55,ASA|AL,ASA (AL),AL,68,115,20.59,12,14,3,3,8,12,22,-10
2021,D,56,GAMA|DF,Gama (DF),DF,68,116,19.12,12,14,2,6,6,13,18,-5
2021,D,57,TOCANTINOPOLIS|TO,Tocantinópolis (TO),TO,68,117,17.65,10,16,2,4,10,20,34,-14
2021,D,58,CAUCAIA|CE,Caucaia (CE),CE,68,118,16.18,9,14,2,3,9,20,51,-31
2021,D,59,ATLETICO ACREANO|AC,Atlético Acreano (AC),AC,68,119,14.71,7,14,2,1,11,14,35,-21
2021,D,60,PATROCINENSE|MG,Patrocinense (MG),MG,68,120,13.24,7,14,1,4,9,9,22,-13
2021,D,61,RIO BRANCO|PR,Rio Branco (PR),PR,68,121,11.76,7,14,1,4,9,8,27,-19
2021,D,62,AGUIA NEGRA|MS,Águia Negra (MS),MS,68,122,10.29,7,14,1,4,9,13,41,-28
2021,D,63,MURICI|AL,Murici (AL),AL,68,123,8.82,6,14,1,3,10,14,29,-15
2021,D,64,JARAGUA|GO,Jaraguá (GO),GO,68,124,7.35,5,14,1,2,11,6,28,-22
2021,D,65,PICOS|PI,Picos (PI),PI,68,125,5.88,3,2,1,0,1,3,3,0
2021,D,66,REAL ARIQUEMES|RO,Real Ariquemes (RO),RO,68,126,4.41,0,2,0,0,2,1,5,-4
2021,D,67,SANTANA|AP,Santana (AP),AP,68,127,2.94,0,2,0,0,2,1,5,-4
2021,D,68,AQUIDAUANENSE|MS,Aquidauanense (MS),MS,68,128,1.47,0,2,0,0,2,1,6,-5
2022,A,1,PALMEIRAS|SP,Palmeiras (SP),SP,20,1,400.0,81,38,23,12,3,66,27,39
2022,A,2,INTERNACIONAL|RS,Internacional (RS),RS,20,2,380.0,73,38,20,13,5,58,31,27
2022,A,3,FLUMINENSE|RJ,Fluminense (RJ),RJ,20,3,360.0,70,38,21,7,10,63,41,22
2022,A,4,CORINTHIANS|SP,Corinthians (SP),SP,20,4,340.0,65,38,18,11,9,44,36,8
2022,A,5,FLAMENGO|RJ,Flamengo (RJ),RJ,20,5,320.0,62,38,18,8,12,60,39,21
2022,A,6,ATLETICO|PR,Athletico Paranaense (PR),PR,20,6,300.0,58,38,16,10,12,48,48,0
2022,A,7,ATLETICO|MG,Atlético (MG),MG,20,7,280.0,58,38,15,13,10,45,37,8
2022,A,8,FORTALEZA|CE,Fortaleza (CE),CE,20,8,260.0,55,38,15,10,13,46,39,7
2022,A,9,SAO PAULO|SP,São Paulo (SP),SP,20,9,240.0,54,38,13,15,10,55,42,13
2022,A,10,AMERICA|MG,América (MG),MG,20,10,220.0,53,38,15,8,15,40,40,0
2022,A,11,BOTAFOGO|RJ,Botafogo (RJ),RJ,20,11,200.0,53,38,15,8,15,41,43,-2
2022,A,12,SANTOS|SP,Santos (SP),SP,20,12,180.0,47,38,12,11,15,44,41,3
2022,A,13,GOIAS|GO,Goiás (GO),GO,20,13,160.0,46,38,11,13,14,40,53,-13
2022,A,14,RB BRAGANTINO|SP,Rb Bragantino (SP),SP,20,14,140.0,44,38,11,11,16,49,59,-10
2022,A,15,CORITIBA|PR,Coritiba (PR),PR,20,15,120.0,42,38,12,6,20,39,60,-21
2022,A,16,CUIABA|MT,Cuiabá (MT),MT,20,16,100.0,41,38,10,11,17,31,42,-11
2022,A,17,CEARA|CE,Ceará (CE),CE,20,17,80.0,37,38,7,16,15,34,41,-7
2022,A,18,ATLETICO|GO,Atlético (GO),GO,20,18,60.0,36,38,8,12,18,39,57,-18
2022,A,19,AVAI|SC,Avaí (SC),SC,20,19,40.0,35,38,9,8,21,34,60,-26
2022,A,20,JUVENTUDE|RS,Juventude (RS),RS,20,20,20.0,22,38,3,13,22,29,69,-40
2022,B,1,CRUZEIRO|MG,Cruzeiro (MG),MG,20,21,300.0,78,38,23,9,6,57,26,31
2022,B,2,GREMIO|RS,Grêmio (RS),RS,20,22,285.0,65,38,17,14,7,50,26,24
2022,B,3,VASCO|RJ,Vasco (RJ),RJ,20,23,270.0,64,38,17,11,10,48,36,12
2022,B,4,BAHIA|BA,Bahia (BA),BA,20,24,255.0,62,38,17,11,10,43,29,14
2022,B,5,SAMPAIO CORREA|MA,Sampaio Corrêa (MA),MA,20,25,240.0,58,38,16,10,12,48,42,6
2022,B,6,ITUANO|SP,Ituano (SP),SP,20,26,225.0,57,38,15,12,11,42,34,8
2022,B,7,SPORT|PE,Sport (PE),PE,20,27,210.0,56,38,15,12,11,37,31,6
2022,B,8,CRICIUMA|SC,Criciúma (SC),SC,20,28,195.0,56,38,14,14,10,43,31,12
2022,B,9,LONDRINA|PR,Londrina (PR),PR,20,29,180.0,53,38,14,11,13,36,37,-1
2022,B,10,GUARANI|SP,Guarani (SP),SP,20,30,165.0,51,38,13,12,13,33,36,-3
2022,B,11,CRB|AL,CRB (AL),AL,20,31,150.0,50,38,13,11,14,35,43,-8
2022,B,12,PONTE PRETA|SP,Ponte Preta (SP),SP,20,32,135.0,49,38,12,13,13,34,36,-2
2022,B,13,VILA NOVA|GO,Vila Nova (GO),GO,20,33,120.0,47,38,9,20,9,28,31,-3
2022,B,14,CHAPECOENSE|SC,Chapecoense (SC),SC,20,34,105.0,45,38,11,12,15,37,39,-2
2022,B,15,TOMBENSE|MG,Tombense (MG),MG,20,35,90.0,45,38,10,15,13,38,47,-9
2022,B,16,NOVORIZONTINO|SP,Novorizontino (SP),SP,20,36,75.0,44,38,11,11,16,44,49,-5
2022,B,17,CSA|AL,CSA (AL),AL,20,37,60.0,42,38,9,15,14,29,37,-8
2022,B,18,BRUSQUE|SC,Brusque (SC),SC,20,38,45.0,34,38,8,10,20,21,38,-17
2022,B,19,OPERARIO|PR,Operário (PR),PR,20,39,30.0,34,38,7,13,18,31,53,-22
2022,B,20,NAUTICO|PE,Náutico (PE),PE,20,40,15.0,30,38,8,6,24,32,65,-33
2022,C,1,MIRASSOL|SP,Mirassol (SP),SP,20,41,200.0,53,29,15,8,6,48,30,18
2022,C,2,ABC|RN,ABC (RN),RN,20,42,190.0,50,29,13,11,5,29,20,9
2022,C,3,BOTAFOGO|SP,Botafogo (SP),SP,20,43,180.0,45,27,14,3,10,40,32,8
2022,C,4,VITORIA|BA,Vitória (BA),BA,20,44,170.0,41,27,11,8,8,27,26,1
2022,C,5,FIGUEIRENSE|SC,Figueirense (SC),SC,20,45,160.0,43,27,11,10,6,41,27,14
2022,C,6,VOLTA REDONDA|RJ,Volta Redonda (RJ),RJ,20,46,150.0,39,27,12,3,12,38,36,2
2022,C,7,PAYSANDU|PA,Paysandu (PA),PA,20,47,140.0,37,27,10,7,10,34,25,9
2022,C,8,APARECIDENSE|GO,Aparecidense (GO),GO,20,48,130.0,37,27,10,7,10,33,31,2
2022,C,9,BOTAFOGO|PB,Botafogo (PB),PB,20,49,120.0,29,19,7,8,4,17,13,4
2022,C,10,YPIRANGA|RS,Ypiranga (RS),RS,20,50,110.0,28,19,7,7,5,25,20,5
2022,C,11,SAO JOSE|RS,São José (RS),RS,20,51,100.0,26,19,7,5,7,33,27,6
2022,C,12,REMO|PA,Remo (PA),PA,20,52,90.0,26,19,7,5,7,25,22,3
2022,C,13,MANAUS|AM,Manaus (AM),AM,20,53,80.0,25,19,6,7,6,16,21,-5
2022,C,14,CONFIANCA|SE,Confiança (SE),SE,20,54,70.0,23,19,6,5,8,12,17,-5
2022,C,15,FLORESTA|CE,Floresta (CE),CE,20,55,60.0,23,19,6,5,8,17,25,-8
2022,C,16,ALTOS|PI,Altos (PI),PI,20,56,50.0,21,19,6,3,10,21,31,-10
2022,C,17,ATLETICO CEARENSE|CE,Atlético Cearense (CE),CE,20,57,40.0,19,19,5,4,10,17,35,-18
2022,C,18,BRASIL|RS,Brasil (RS),RS,20,58,30.0,17,19,4,5,10,19,29,-10
2022,C,19,FERROVIARIO|CE,Ferroviário (CE),CE,20,59,20.0,16,19,5,1,13,15,27,-12
2022,C,20,CAMPINENSE|PB,Campinense (PB),PB,20,60,10.0,16,19,4,4,11,15,28,-13
2022,D,1,AMERICA|RN,América (RN),RN,64,61,100.0,46,24,13,7,4,32,11,21
2022,D,2,POUSO ALEGRE|MG,Pouso Alegre (MG),MG,64,62,98.44,49,24,14,7,3,22,12,10
2022,D,3,AMAZONAS|AM,Amazonas (AM),AM,64,63,96.88,43,22,12,7,3,46,20,26
2022,D,4,SAO BERNARDO|SP,São Bernardo (SP),SP,64,64,95.31,41,22,11,8,3,23,8,15
2022,D,5,CAXIAS|RS,Caxias (RS),RS,64,65,93.75,34,20,9,7,4,25,18,7
2022,D,6,ASA|AL,ASA (AL),AL,64,66,92.19,33,20,9,6,5,19,16,3
2022,D,7,TOCANTINOPOLIS|TO,Tocantinópolis (TO),TO,64,67,90.62,30,20,8,6,6,30,29,1
2022,D,8,PORTUGUESA|RJ,Portuguesa (RJ),RJ,64,68,89.06,29,20,7,8,5,21,18,3
2022,D,9,LAGARTO|SE,Lagarto (SE),SE,64,69,87.5,32,18,8,8,2,28,16,12
2022,D,10,RIO BRANCO|AC,Rio Branco (AC),AC,64,70,85.94,31,18,8,7,3,25,12,13
2022,D,11,MOTO CLUB|MA,Moto Club (MA),MA,64,71,84.38,30,18,9,3,6,26,18,8
2022,D,12,BAHIA DE FEIRA|BA,Bahia de Feira (BA),BA,64,72,82.81,29,18,7,8,3,20,11,9
2022,D,13,REAL NOROESTE|ES,Real Noroeste (ES),ES,64,73,81.25,28,18,7,7,4,25,19,6
2022,D,14,NOVA VENECIA|ES,Nova Venécia (ES),ES,64,74,79.69,27,18,6,9,3,26,19,7
2022,D,15,PARANA|PR,Paraná (PR),PR,64,75,78.12,26,18,6,8,4,14,10,4
2022,D,16,SANTA CRUZ|PE,Santa Cruz (PE),PE,64,76,76.56,24,18,6,6,6,16,17,-1
2022,D,17,RETRO|PE,Retrô (PE),PE,64,77,75.0,34,16,10,4,2,28,8,20
2022,D,18,BRASILIENSE|DF,Brasiliense (DF),DF,64,78,73.44,34,16,10,4,2,24,14,10
2022,D,19,AIMORE|RS,Aimoré (RS),RS,64,79,71.88,30,16,9,3,4,18,15,3
2022,D,20,ANAPOLIS|GO,Anápolis (GO),GO,64,80,70.31,28,16,8,4,4,22,16,6
2022,D,21,FC CASCAVEL|PR,Fc Cascavel (PR),PR,64,81,68.75,27,16,7,6,3,16,10,6
2022,D,22,AZURIZ|PR,Azuriz (PR),PR,64,82,67.19,25,16,7,4,5,18,15,3
2022,D,23,SAO RAIMUNDO|RR,São Raimundo (RR),RR,64,83,65.62,25,16,6,7,3,22,15,7
2022,D,24,SAO RAIMUNDO|AM,São Raimundo (AM),AM,64,84,64.06,25,16,6,7,3,22,17,5
2022,D,25,SOUSA|PB,Sousa (PB),PB,64,85,62.5,23,16,7,2,7,19,20,-1
2022,D,26,AFOGADOS|PE,Afogados (PE),PE,64,86,60.94,22,16,6,4,6,24,16,8
2022,D,27,COSTA RICA|MS,Costa Rica (MS),MS,64,87,59.38,22,16,6,4,6,15,15,0
2022,D,28,OPERARIO|MT,Operário (MT),MT,64,88,57.81,22,16,6,4,6,10,14,-4
2022,D,29,JACUIPENSE|BA,Jacuipense (BA),BA,64,89,56.25,22,16,5,7,4,19,16,3
2022,D,30,PACAJUS|CE,Pacajus (CE),CE,64,90,54.69,22,16,5,7,4,16,14,2
2022,D,31,OESTE|SP,Oeste (SP),SP,64,91,53.12,22,16,5,7,4,16,17,-1
2022,D,32,JUVENTUDE|MA,Juventude (MA),MA,64,92,51.56,21,16,5,6,5,15,16,-1
2022,D,33,ICASA|CE,ICASA (CE),CE,64,93,50.0,22,14,6,4,4,16,18,-2
2022,D,34,PORTO VELHO|RO,Porto Velho (RO),RO,64,94,48.44,21,14,6,3,5,28,20,8
2022,D,35,CEILANDIA|DF,Ceilândia (DF),DF,64,95,46.88,20,14,6,2,6,15,12,3
2022,D,36,NOVA IGUACU|RJ,Nova Iguaçu (RJ),RJ,64,96,45.31,20,14,5,5,4,13,14,-1
2022,D,37,SERGIPE|SE,Sergipe (SE),SE,64,97,43.75,18,14,4,6,4,14,12,2
2022,D,38,SAO LUIZ|RS,São Luiz (RS),RS,64,98,42.19,18,14,4,6,4,18,17,1
2022,D,39,FLUMINENSE|PI,Fluminense (PI),PI,64,99,40.62,17,14,4,5,5,23,19,4
2022,D,40,CASTANHAL|PA,Castanhal (PA),PA,64,100,39.06,17,14,4,5,5,16,15,1
2022,D,41,INTERNACIONAL|SP,Internacional (SP),SP,64,101,37.5,17,14,4,5,5,16,16,0
2022,D,42,TREM|AP,Trem (AP),AP,64,102,35.94,16,14,4,4,6,29,27,2
2022,D,43,FERROVIARIA|SP,Ferroviária (SP),SP,64,103,34.38,16,14,4,4,6,15,14,1
2022,D,44,JUAZEIRENSE|BA,Juazeirense (BA),BA,64,104,32.81,16,14,4,4,6,8,13,-5
2022,D,45,URT|MG,URT (MG),MG,64,105,31.25,16,14,4,4,6,13,26,-13
2022,D,46,SANTO ANDRE|SP,Santo André (SP),SP,64,106,29.69,15,14,4,3,7,12,13,-1
2022,D,47,IPORA|GO,Iporá (GO),GO,64,107,28.12,15,14,3,6,5,12,12,0
2022,D,48,MARCILIO DIAS|SC,Marcílio Dias (SC),SC,64,108,26.56,14,14,4,2,8,14,20,-6
2022,D,49,CIANORTE|PR,Cianorte (PR),PR,64,109,25.0,14,14,3,5,6,14,15,-1
2022,D,50,GREMIO ANAPOLIS|GO,Grêmio Anápolis (GO),GO,64,110,23.44,14,14,3,5,6,12,14,-2
2022,D,51,CSE|AL,CSE (AL),AL,64,111,21.88,14,14,3,5,6,19,22,-3
2022,D,52,SAO PAULO CRYSTAL|PB,São Paulo Crystal (PB),PB,64,112,20.31,13,14,3,4,7,13,26,-13
2022,D,53,TUNA LUSO|PA,Tuna Luso (PA),PA,64,113,18.75,13,14,3,4,7,12,25,-13
2022,D,54,4 DE JULHO|PI,4 de Julho (PI),PI,64,114,17.19,13,14,2,7,5,13,19,-6
2022,D,55,GLOBO|RN,Globo (RN),RN,64,115,15.62,12,14,3,3,8,14,17,-3
2022,D,56,JUVENTUS|SC,Juventus (SC),SC,64,116,14.06,12,14,2,6,6,11,17,-6
2022,D,57,ATLETICO ALAGOINHAS|BA,Atlético Alagoinhas (BA),BA,64,117,12.5,10,14,2,4,8,13,24,-11
2022,D,58,PEROLAS NEGRAS|RJ,Pérolas Negras (RJ),RJ,64,118,10.94,8,14,1,5,8,9,23,-14
2022,D,59,PROSPERA|SC,Próspera (SC),SC,64,119,9.38,6,14,1,3,10,9,20,-11
2022,D,60,HUMAITA|AC,Humaitá (AC),AC,64,120,7.81,6,14,1,3,10,11,32,-21
2022,D,61,CALDENSE|MG,Caldense (MG),MG,64,121,6.25,5,14,1,2,11,8,20,-12
2022,D,62,ACAO|MT,Ação (MT),MT,64,122,4.69,5,14,1,2,11,12,30,-18
2022,D,63,CRATO|CE,Crato (CE),CE,64,123,3.12,5,14,1,2,11,5,33,-28
2022,D,64,NAUTICO|RR,Náutico (RR),RR,64,124,1.56,5,14,1,2,11,15,57,-42
2023,A,1,PALMEIRAS|SP,Palmeiras (SP),SP,20,1,400.0,70,38,20,10,8,64,33,31
2023,A,2,GREMIO|RS,Grêmio (RS),RS,20,2,380.0,68,38,21,5,12,63,56,7
2023,A,3,ATLETICO|MG,Atlético (MG),MG,20,3,360.0,66,38,19,9,10,52,32,20
2023,A,4,FLAMENGO|RJ,Flamengo (RJ),RJ,20,4,340.0,66,38,19,9,10,56,42,14
2023,A,5,BOTAFOGO|RJ,Botafogo (RJ),RJ,20,5,320.0,64,38,18,10,10,58,37,21
2023,A,6,RB BRAGANTINO|SP,Rb Bragantino (SP),SP,20,6,300.0,62,38,17,11,10,49,35,14
2023,A,7,FLUMINENSE|RJ,Fluminense (RJ),RJ,20,7,280.0,56,38,16,8,14,51,47,4
2023,A,8,ATLETICO|PR,Athletico Paranaense (PR),PR,20,8,260.0,56,38,14,14,10,51,43,8
2023,A,9,INTERNACIONAL|RS,Internacional (RS),RS,20,9,240.0,55,38,15,10,13,46,45,1
2023,A,10,FORTALEZA|CE,Fortaleza (CE),CE,20,10,220.0,54,38,15,9,14,45,44,1
2023,A,11,SAO PAULO|SP,São Paulo (SP),SP,20,11,200.0,53,38,14,11,13,40,38,2
2023,A,12,CUIABA|MT,Cuiabá (MT),MT,20,12,180.0,51,38,14,9,15,40,39,1
2023,A,13,CORINTHIANS|SP,Corinthians (SP),SP,20,13,160.0,50,38,12,14,12,47,48,-1
2023,A,14,CRUZEIRO|MG,Cruzeiro (MG),MG,20,14,140.0,47,38,11,14,13,35,32,3
2023,A,15,VASCO|RJ,Vasco (RJ),RJ,20,15,120.0,45,38,12,9,17,41,51,-10
2023,A,16,BAHIA|BA,Bahia (BA),BA,20,16,100.0,44,38,12,8,18,50,53,-3
2023,A,17,SANTOS|SP,Santos (SP),SP,20,17,80.0,43,38,11,10,17,39,64,-25
2023,A,18,GOIAS|GO,Goiás (GO),GO,20,18,60.0,38,38,9,11,18,36,53,-17
2023,A,19,CORITIBA|PR,Coritiba (PR),PR,20,19,40.0,30,38,8,6,24,41,73,-32
2023,A,20,AMERICA|MG,América (MG),MG,20,20,20.0,24,38,5,9,24,42,81,-39
2023,B,1,VITORIA|BA,Vitória (BA),BA,20,21,300.0,72,38,22,6,10,50,31,19
2023,B,2,JUVENTUDE|RS,Juventude (RS),RS,20,22,285.0,65,38,18,11,9,42,31,11
2023,B,3,CRICIUMA|SC,Criciúma (SC),SC,20,23,270.0,64,38,19,7,12,45,33,12
2023,B,4,ATLETICO|GO,Atlético (GO),GO,20,24,255.0,64,38,17,13,8,56,45,11
2023,B,5,NOVORIZONTINO|SP,Novorizontino (SP),SP,20,25,240.0,63,38,19,6,13,48,30,18
2023,B,6,MIRASSOL|SP,Mirassol (SP),SP,20,26,225.0,63,38,18,9,11,42,31,11
2023,B,7,SPORT|PE,Sport (PE),PE,20,27,210.0,63,38,17,12,9,59,40,19
2023,B,8,VILA NOVA|GO,Vila Nova (GO),GO,20,28,195.0,61,38,17,10,11,49,30,19
2023,B,9,CRB|AL,CRB (AL),AL,20,29,180.0,57,38,16,9,13,45,39,6
2023,B,10,GUARANI|SP,Guarani (SP),SP,20,30,165.0,57,38,15,12,11,42,33,9
2023,B,11,CEARA|CE,Ceará (CE),CE,20,31,150.0,50,38,13,11,14,40,45,-5
2023,B,12,BOTAFOGO|SP,Botafogo (SP),SP,20,32,135.0,47,38,12,11,15,25,42,-17
2023,B,13,AVAI|SC,Avaí (SC),SC,20,33,120.0,44,38,10,14,14,31,48,-17
2023,B,14,ITUANO|SP,Ituano (SP),SP,20,34,105.0,42,38,9,15,14,33,38,-5
2023,B,15,PONTE PRETA|SP,Ponte Preta (SP),SP,20,35,90.0,42,38,9,15,14,24,35,-11
2023,B,16,CHAPECOENSE|SC,Chapecoense (SC),SC,20,36,75.0,40,38,9,13,16,38,43,-5
2023,B,17,SAMPAIO CORREA|MA,Sampaio Corrêa (MA),MA,20,37,60.0,39,38,8,15,15,31,43,-12
2023,B,18,TOMBENSE|MG,Tombense (MG),MG,20,38,45.0,37,38,9,10,19,37,50,-13
2023,B,19,LONDRINA|PR,Londrina (PR),PR,20,39,30.0,31,38,7,10,21,31,58,-27
2023,B,20,ABC|RN,ABC (RN),RN,20,40,15.0,28,38,5,13,20,28,51,-23
2023,C,1,AMAZONAS|AM,Amazonas (AM),AM,20,41,200.0,48,27,14,6,7,34,25,9
2023,C,2,BRUSQUE|SC,Brusque (SC),SC,20,42,190.0,45,27,13,6,8,35,23,12
2023,C,3,OPERARIO|PR,Operário (PR),PR,20,43,180.0,43,25,12,7,6,28,19,9
2023,C,4,PAYSANDU|PA,Paysandu (PA),PA,20,44,170.0,39,25,11,6,8,28,32,-4
2023,C,5,VOLTA REDONDA|RJ,Volta Redonda (RJ),RJ,20,45,160.0,43,25,13,4,8,39,26,13
2023,C,6,SAO JOSE|RS,São José (RS),RS,20,46,150.0,37,25,9,10,6,35,28,7
2023,C,7,SAO BERNARDO|SP,São Bernardo (SP),SP,20,47,140.0,36,25,9,9,7,26,23,3
2023,C,8,BOTAFOGO|PB,Botafogo (PB),PB,20,48,130.0,33,25,8,9,8,31,31,0
2023,C,9,CONFIANCA|SE,Confiança (SE),SE,20,49,120.0,28,19,8,4,7,23,26,-3
2023,C,10,NAUTICO|PE,Náutico (PE),PE,20,50,110.0,27,19,6,9,4,25,24,1
2023,C,11,REMO|PA,Remo (PA),PA,20,51,100.0,25,19,6,7,6,20,18,2
2023,C,12,CSA|AL,CSA (AL),AL,20,52,90.0,24,19,5,9,5,15,13,2
2023,C,13,YPIRANGA|RS,Ypiranga (RS),RS,20,53,80.0,23,19,6,5,8,26,23,3
2023,C,14,FLORESTA|CE,Floresta (CE),CE,20,54,70.0,23,19,5,8,6,14,17,-3
2023,C,15,APARECIDENSE|GO,Aparecidense (GO),GO,20,55,60.0,22,19,6,4,9,17,20,-3
2023,C,16,FIGUEIRENSE|SC,Figueirense (SC),SC,20,56,50.0,22,19,5,7,7,19,18,1
2023,C,17,MANAUS|AM,Manaus (AM),AM,20,57,40.0,20,19,5,5,9,13,24,-11
2023,C,18,AMERICA|RN,América (RN),RN,20,58,30.0,19,19,4,7,8,12,21,-9
2023,C,19,ALTOS|PI,Altos (PI),PI,20,59,20.0,13,19,2,7,10,14,28,-14
2023,C,20,POUSO ALEGRE|MG,Pouso Alegre (MG),MG,20,60,10.0,12,19,3,3,13,11,26,-15
2023,D,1,FERROVIARIO|CE,Ferroviário (CE),CE,64,61,100.0,54,24,15,9,0,43,12,31
2023,D,2,FERROVIARIA|SP,Ferroviária (SP),SP,64,62,98.44,39,24,10,9,5,27,18,9
2023,D,3,ATHLETIC|MG,Athletic (MG),MG,64,63,96.88,39,22,12,3,7,26,14,12
2023,D,4,CAXIAS|RS,Caxias (RS),RS,64,64,95.31,34,22,9,7,6,24,20,4
2023,D,5,SOUSA|PB,Sousa (PB),PB,64,65,93.75,37,20,11,4,5,32,21,11
2023,D,6,PORTUGUESA|RJ,Portuguesa (RJ),RJ,64,66,92.19,37,20,10,7,3,33,16,17
2023,D,7,BAHIA DE FEIRA|BA,Bahia de Feira (BA),BA,64,67,90.62,30,20,8,6,6,21,15,6
2023,D,8,MARANHAO|MA,Maranhão (MA),MA,64,68,89.06,28,20,6,10,4,25,18,7
2023,D,9,NACIONAL|AM,Nacional (AM),AM,64,69,87.5,36,18,11,3,4,28,13,15
2023,D,10,RETRO|PE,Retrô (PE),PE,64,70,85.94,34,18,9,7,2,25,17,8
2023,D,11,CEILANDIA|DF,Ceilândia (DF),DF,64,71,84.38,33,18,8,9,1,31,6,25
2023,D,12,ANAPOLIS|GO,Anápolis (GO),GO,64,72,82.81,29,18,7,8,3,29,9,20
2023,D,13,PATROCINENSE|MG,Patrocinense (MG),MG,64,73,81.25,29,18,7,8,3,19,12,7
2023,D,14,NACIONAL|PB,Nacional (PB),PB,64,74,79.69,28,18,8,4,6,21,16,5
2023,D,15,ATLETICO CEARENSE|CE,Atlético Cearense (CE),CE,64,75,78.12,27,18,7,6,5,28,20,8
2023,D,16,CAMBORIU|SC,Camboriú (SC),SC,64,76,76.56,27,18,7,6,5,21,17,4
2023,D,17,TUNA LUSO|PA,Tuna Luso (PA),PA,64,77,75.0,31,16,9,4,3,24,13,11
2023,D,18,HERCILIO LUZ|SC,Hercílio Luz (SC),SC,64,78,73.44,31,16,8,7,1,24,13,11
2023,D,19,OPERARIO|MT,Operário (MT),MT,64,79,71.88,27,16,8,3,5,30,20,10
2023,D,20,POTIGUAR|RN,Potiguar (RN),RN,64,80,70.31,26,16,7,5,4,17,12,5
2023,D,21,DEMOCRATA|MG,Democrata (MG),MG,64,81,68.75,26,16,7,5,4,19,18,1
2023,D,22,MARINGA FC|PR,Maringá Fc (PR),PR,64,82,67.19,26,16,6,8,2,14,9,5
2023,D,23,BRASILIENSE|DF,Brasiliense (DF),DF,64,83,65.62,25,16,6,7,3,31,13,18
2023,D,24,AGUIA DE MARABA|PA,Águia de Marabá (PA),PA,64,84,64.06,25,16,6,7,3,19,12,7
2023,D,25,VITORIA|ES,Vitória (ES),ES,64,85,62.5,23,16,7,2,7,24,23,1
2023,D,26,INTERNACIONAL|SP,Internacional (SP),SP,64,86,60.94,23,16,6,5,5,16,17,-1
2023,D,27,ASA|AL,ASA (AL),AL,64,87,59.38,22,16,7,1,8,16,19,-3
2023,D,28,PACAJUS|CE,Pacajus (CE),CE,64,88,57.81,22,16,6,4,6,23,20,3
2023,D,29,BRASIL|RS,Brasil (RS),RS,64,89,56.25,21,16,5,6,5,16,15,1
2023,D,30,FALCON|SE,Falcon (SE),SE,64,90,54.69,20,16,5,5,6,18,18,0
2023,D,31,PARNAHYBA|PI,Parnahyba (PI),PI,64,91,53.12,20,16,5,5,6,16,26,-10
2023,D,32,PRINCESA|AM,Princesa (AM),AM,64,92,51.56,20,16,4,8,4,22,17,5
2023,D,33,UNIAO RONDONOPOLIS|MT,União Rondonópolis (MT),MT,64,93,50.0,23,14,7,2,5,17,9,8
2023,D,34,CAMPINENSE|PB,Campinense (PB),PB,64,94,48.44,21,14,6,3,5,18,14,4
2023,D,35,SANTA CRUZ|PE,Santa Cruz (PE),PE,64,95,46.88,20,14,5,5,4,15,12,3
2023,D,36,SAO JOSEENSE|PR,São Joseense (PR),PR,64,96,45.31,20,14,5,5,4,15,15,0
2023,D,37,CONCORDIA|SC,Concórdia (SC),SC,64,97,43.75,19,14,5,4,5,15,13,2
2023,D,38,SERGIPE|SE,Sergipe (SE),SE,64,98,42.19,19,14,5,4,5,19,19,0
2023,D,39,SANTO ANDRE|SP,Santo André (SP),SP,64,99,40.62,19,14,5,4,5,15,16,-1
2023,D,40,CRAC|GO,CRAC (GO),GO,64,100,39.06,18,14,5,3,6,16,14,2
2023,D,41,SAO RAIMUNDO|RR,São Raimundo (RR),RR,64,101,37.5,18,14,5,3,6,24,24,0
2023,D,42,HUMAITA|AC,Humaitá (AC),AC,64,102,35.94,18,14,5,3,6,16,21,-5
2023,D,43,CRUZEIRO|AL,Cruzeiro (AL),AL,64,103,34.38,18,14,5,3,6,13,22,-9
2023,D,44,IGUATU|CE,Iguatu (CE),CE,64,104,32.81,16,14,5,1,8,16,19,-3
2023,D,45,IPORA|GO,Iporá (GO),GO,64,105,31.25,16,14,4,4,6,20,20,0
2023,D,46,XV DE PIRACICABA|SP,XV de Piracicaba (SP),SP,64,106,29.69,16,14,4,4,6,20,21,-1
2023,D,47,CAUCAIA|CE,Caucaia (CE),CE,64,107,28.12,16,14,3,7,4,20,20,0
2023,D,48,FC CASCAVEL|PR,Fc Cascavel (PR),PR,64,108,26.56,16,14,3,7,4,12,17,-5
2023,D,49,ATLETICO ALAGOINHAS|BA,Atlético Alagoinhas (BA),BA,64,109,25.0,15,14,4,3,7,15,18,-3
2023,D,50,JACUIPENSE|BA,Jacuipense (BA),BA,64,110,23.44,15,14,3,6,5,20,19,1
2023,D,51,TOCANTINOPOLIS|TO,Tocantinópolis (TO),TO,64,111,21.88,15,14,3,6,5,14,15,-1
2023,D,52,RESENDE|RJ,Resende (RJ),RJ,64,112,20.31,14,14,3,5,6,12,18,-6
2023,D,53,CORDINO|MA,Cordino (MA),MA,64,113,18.75,11,14,2,5,7,13,26,-13
2023,D,54,NOVA IGUACU|RJ,Nova Iguaçu (RJ),RJ,64,114,17.19,10,14,2,4,8,15,23,-8
2023,D,55,AIMORE|RS,Aimoré (RS),RS,64,115,15.62,10,14,1,7,6,8,21,-13
2023,D,56,SAO FRANCISCO|AC,São Francisco (AC),AC,64,116,14.06,9,14,3,0,11,5,33,-28
2023,D,57,TREM|AP,Trem (AP),AP,64,117,12.5,8,14,2,2,10,8,19,-11
2023,D,58,OPERARIO|MS,Operário (MS),MS,64,118,10.94,8,14,1,5,8,5,19,-14
2023,D,59,FLUMINENSE|PI,Fluminense (PI),PI,64,119,9.38,8,14,1,5,8,9,24,-15
2023,D,60,NOVO HAMBURGO|RS,Novo Hamburgo (RS),RS,64,120,7.81,7,14,1,4,9,13,23,-10
2023,D,61,REAL NOROESTE|ES,Real Noroeste (ES),ES,64,121,6.25,7,14,1,4,9,9,23,-14
2023,D,62,INTERPORTO|TO,Interporto (TO),TO,64,122,4.69,6,14,1,3,10,3,47,-44
2023,D,63,REAL ARIQUEMES|RO,Real Ariquemes (RO),RO,64,123,3.12,5,14,1,2,11,4,44,-40
2023,D,64,GLOBO|RN,Globo (RN),RN,64,124,1.56,4,14,1,1,12,5,34,-29
2024,A,1,BOTAFOGO|RJ,Botafogo (RJ),RJ,20,1,400.0,79,38,23,10,5,59,29,30
2024,A,2,PALMEIRAS|SP,Palmeiras (SP),SP,20,2,380.0,73,38,22,7,9,60,33,27
2024,A,3,FLAMENGO|RJ,Flamengo (RJ),RJ,20,3,360.0,70,38,20,10,8,61,42,19
2024,A,4,FORTALEZA|CE,Fortaleza (CE),CE,20,4,340.0,68,38,19,11,8,53,39,14
2024,A,5,INTERNACIONAL|RS,Internacional (RS),RS,20,5,320.0,65,38,18,11,9,53,36,17
2024,A,6,SAO PAULO|SP,São Paulo (SP),SP,20,6,300.0,65,38,18,11,9,53,36,17
2024,A,7,CORINTHIANS|SP,Corinthians (SP),SP,20,7,280.0,56,38,15,11,12,54,45,9
2024,A,8,BAHIA|BA,Bahia (BA),BA,20,8,260.0,53,38,15,8,15,49,49,0
2024,A,9,CRUZEIRO|MG,Cruzeiro (MG),MG,20,9,240.0,52,38,14,10,14,43,41,2
2024,A,10,VASCO|RJ,Vasco (RJ),RJ,20,10,220.0,50,38,14,8,16,43,56,-13
2024,A,11,VITORIA|BA,Vitória (BA),BA,20,11,200.0,47,38,13,8,17,45,52,-7
2024,A,12,ATLETICO|MG,Atlético (MG),MG,20,12,180.0,47,38,11,14,13,47,54,-7
2024,A,13,FLUMINENSE|RJ,Fluminense (RJ),RJ,20,13,160.0,46,38,12,10,16,33,39,-6
2024,A,14,GREMIO|RS,Grêmio (RS),RS,20,14,140.0,45,38,12,9,17,44,50,-6
2024,A,15,JUVENTUDE|RS,Juventude (RS),RS,20,15,120.0,45,38,11,12,15,48,59,-11
2024,A,16,RB BRAGANTINO|SP,Rb Bragantino (SP),SP,20,16,100.0,44,38,10,14,14,44,48,-4
2024,A,17,ATLETICO|PR,Athletico Paranaense (PR),PR,20,17,80.0,42,38,11,9,18,40,46,-6
2024,A,18,CRICIUMA|SC,Criciúma (SC),SC,20,18,60.0,38,38,9,11,18,42,61,-19
2024,A,19,ATLETICO|GO,Atlético (GO),GO,20,19,40.0,30,38,7,9,22,29,58,-29
2024,A,20,CUIABA|MT,Cuiabá (MT),MT,20,20,20.0,30,38,6,12,20,29,49,-20
2024,B,1,SANTOS|SP,Santos (SP),SP,20,21,300.0,68,38,20,8,10,57,32,25
2024,B,2,MIRASSOL|SP,Mirassol (SP),SP,20,22,285.0,67,38,19,10,9,42,26,16
2024,B,3,SPORT|PE,Sport (PE),PE,20,23,270.0,66,38,19,9,10,57,37,20
2024,B,4,CEARA|CE,Ceará (CE),CE,20,24,255.0,64,38,19,7,12,59,41,18
2024,B,5,NOVORIZONTINO|SP,Novorizontino (SP),SP,20,25,240.0,64,38,18,10,10,43,31,12
2024,B,6,GOIAS|GO,Goiás (GO),GO,20,26,225.0,63,38,18,9,11,56,32,24
2024,B,7,OPERARIO|PR,Operário (PR),PR,20,27,210.0,58,38,16,10,12,34,32,2
2024,B,8,AMERICA|MG,América (MG),MG,20,28,195.0,58,38,15,13,10,50,35,15
2024,B,9,VILA NOVA|GO,Vila Nova (GO),GO,20,29,180.0,55,38,16,7,15,42,54,-12
2024,B,10,AVAI|SC,Avaí (SC),SC,20,30,165.0,53,38,14,11,13,34,32,2
2024,B,11,AMAZONAS|AM,Amazonas (AM),AM,20,31,150.0,52,38,14,10,14,31,37,-6
2024,B,12,CORITIBA|PR,Coritiba (PR),PR,20,32,135.0,50,38,14,8,16,41,44,-3
2024,B,13,PAYSANDU|PA,Paysandu (PA),PA,20,33,120.0,50,38,12,14,12,41,43,-2
2024,B,14,BOTAFOGO|SP,Botafogo (SP),SP,20,34,105.0,45,38,11,12,15,36,51,-15
2024,B,15,CHAPECOENSE|SC,Chapecoense (SC),SC,20,35,90.0,44,38,11,11,16,34,45,-11
2024,B,16,CRB|AL,CRB (AL),AL,20,36,75.0,43,38,11,10,17,38,45,-7
2024,B,17,PONTE PRETA|SP,Ponte Preta (SP),SP,20,37,60.0,38,38,10,8,20,37,55,-18
2024,B,18,ITUANO|SP,Ituano (SP),SP,20,38,45.0,37,38,11,4,23,43,63,-20
2024,B,19,BRUSQUE|SC,Brusque (SC),SC,20,39,30.0,36,38,8,12,18,24,44,-20
2024,B,20,GUARANI|SP,Guarani (SP),SP,20,40,15.0,33,38,8,9,21,33,53,-20
2024,C,1,VOLTA REDONDA|RJ,Volta Redonda (RJ),RJ,20,41,200.0,52,27,15,7,5,41,32,9
2024,C,2,ATHLETIC|MG,Athletic (MG),MG,20,42,190.0,50,27,15,5,7,50,32,18
2024,C,3,FERROVIARIA|SP,Ferroviária (SP),SP,20,43,180.0,46,25,12,10,3,34,21,13
2024,C,4,REMO|PA,Remo (PA),PA,20,44,170.0,35,25,10,5,10,27,30,-3
2024,C,5,BOTAFOGO|PB,Botafogo (PB),PB,20,45,160.0,46,25,13,7,5,38,26,12
2024,C,6,SAO BERNARDO|SP,São Bernardo (SP),SP,20,46,150.0,40,25,11,7,7,34,24,10
2024,C,7,YPIRANGA|RS,Ypiranga (RS),RS,20,47,140.0,37,25,10,7,8,28,26,2
2024,C,8,LONDRINA|PR,Londrina (PR),PR,20,48,130.0,36,25,9,9,7,35,33,2
2024,C,9,NAUTICO|PE,Náutico (PE),PE,20,49,120.0,25,19,6,7,6,34,25,9
2024,C,10,CSA|AL,CSA (AL),AL,20,50,110.0,25,19,6,7,6,22,26,-4
2024,C,11,FIGUEIRENSE|SC,Figueirense (SC),SC,20,51,100.0,24,19,6,6,7,19,21,-2
2024,C,12,TOMBENSE|MG,Tombense (MG),MG,20,52,90.0,23,19,5,8,6,22,21,1
2024,C,13,CONFIANCA|SE,Confiança (SE),SE,20,53,80.0,22,19,6,4,9,20,22,-2
2024,C,14,ABC|RN,ABC (RN),RN,20,54,70.0,22,19,5,7,7,18,20,-2
2024,C,15,CAXIAS|RS,Caxias (RS),RS,20,55,60.0,21,19,6,3,10,20,27,-7
2024,C,16,FLORESTA|CE,Floresta (CE),CE,20,56,50.0,19,19,5,4,10,15,27,-12
2024,C,17,SAMPAIO CORREA|MA,Sampaio Corrêa (MA),MA,20,57,40.0,19,19,4,7,8,16,21,-5
2024,C,18,APARECIDENSE|GO,Aparecidense (GO),GO,20,58,30.0,16,19,3,7,9,18,28,-10
2024,C,19,FERROVIARIO|CE,Ferroviário (CE),CE,20,59,20.0,15,19,3,6,10,19,38,-19
2024,C,20,SAO JOSE|RS,São José (RS),RS,20,60,10.0,11,19,2,5,12,12,22,-10
2024,D,1,RETRO|PE,Retrô (PE),PE,64,61,100.0,40,24,12,4,8,30,19,11
2024,D,2,ANAPOLIS|GO,Anápolis (GO),GO,64,62,98.44,39,24,10,9,5,32,22,10
2024,D,3,MARINGA|PR,Maringá (PR),PR,64,63,96.88,50,22,15,5,2,39,16,23
2024,D,4,ITABAIANA|SE,Itabaiana (SE),SE,64,64,95.31,38,22,11,5,6,31,17,14
2024,D,5,BRASILIENSE|DF,Brasiliense (DF),DF,64,65,93.75,45,20,14,3,3,41,14,27
2024,D,6,TREZE|PB,Treze (PB),PB,64,66,92.19,39,20,11,6,3,35,15,20
2024,D,7,IGUATU|CE,Iguatu (CE),CE,64,67,90.62,37,20,10,7,3,24,16,8
2024,D,8,INTERNACIONAL|SP,Internacional (SP),SP,64,68,89.06,31,20,8,7,5,19,10,9
2024,D,9,MANAUARA|AM,Manauara (AM),AM,64,69,87.5,41,18,12,5,1,42,11,31
2024,D,10,NOVA IGUACU|RJ,Nova Iguaçu (RJ),RJ,64,70,85.94,36,18,10,6,2,22,8,14
2024,D,11,PORTO VELHO|RO,Porto Velho (RO),RO,64,71,84.38,32,18,9,5,4,34,20,14
2024,D,12,ALTOS|PI,Altos (PI),PI,64,72,82.81,29,18,8,5,5,25,19,6
2024,D,13,CIANORTE|PR,Cianorte (PR),PR,64,73,81.25,29,18,8,5,5,21,17,4
2024,D,14,PORTUGUESA|RJ,Portuguesa (RJ),RJ,64,74,79.69,29,18,7,8,3,22,12,10
2024,D,15,BRASIL|RS,Brasil (RS),RS,64,75,78.12,27,18,8,3,7,23,24,-1
2024,D,16,MANAUS|AM,Manaus (AM),AM,64,76,76.56,27,18,7,6,5,25,23,2
2024,D,17,MARANHAO|AM,Maranhão (AM),AM,64,77,75.0,29,16,8,5,3,23,10,13
2024,D,18,AMERICA|RN,América (RN),RN,64,78,73.44,28,16,7,7,2,19,10,9
2024,D,19,PRINCESA|AM,Princesa (AM),AM,64,79,71.88,27,16,7,6,3,24,17,7
2024,D,20,ITABUNA|BA,Itabuna (BA),BA,64,80,70.31,27,16,7,6,3,17,12,5
2024,D,21,JACUIPENSE|BA,Jacuipense (BA),BA,64,81,68.75,24,16,7,3,6,16,15,1
2024,D,22,CRAC|GO,CRAC (GO),GO,64,82,67.19,23,16,5,8,3,15,11,4
2024,D,23,MIXTO|MT,Mixto (MT),MT,64,83,65.62,23,16,5,8,3,18,15,3
2024,D,24,ASA|AL,ASA (AL),AL,64,84,64.06,22,16,6,4,6,16,17,-1
2024,D,25,AGUA SANTA|SP,Água Santa (SP),SP,64,85,62.5,22,16,6,4,6,13,15,-2
2024,D,26,COSTA RICA|MS,Costa Rica (MS),MS,64,86,60.94,21,16,6,3,7,18,22,-4
2024,D,27,ATLETICO CEARENSE|CE,Atlético Cearense (CE),CE,64,87,59.38,21,16,6,3,7,15,19,-4
2024,D,28,RIVER|PI,Ríver (PI),PI,64,88,57.81,21,16,5,6,5,22,18,4
2024,D,29,REAL NOROESTE|ES,Real Noroeste (ES),ES,64,89,56.25,21,16,5,6,5,18,19,-1
2024,D,30,AVENIDA|RS,Avenida (RS),RS,64,90,54.69,21,16,5,6,5,15,20,-5
2024,D,31,TOCANTINOPOLIS|TO,Tocantinópolis (TO),TO,64,91,53.12,20,16,5,5,6,17,24,-7
2024,D,32,NOVO HAMBURGO|RS,Novo Hamburgo (RS),RS,64,92,51.56,18,16,4,6,6,16,20,-4
2024,D,33,CSE|AL,CSE (AL),AL,64,93,50.0,21,14,6,3,5,18,17,1
2024,D,34,JUAZEIRENSE|BA,Juazeirense (BA),BA,64,94,48.44,21,14,6,3,5,13,13,0
2024,D,35,SANTO ANDRE|SP,Santo André (SP),SP,64,95,46.88,20,14,5,5,4,15,13,2
2024,D,36,SERRA|ES,Serra (ES),ES,64,96,45.31,19,14,5,4,5,16,18,-2
2024,D,37,SOUSA|PB,Sousa (PB),PB,64,97,43.75,18,14,5,3,6,12,14,-2
2024,D,38,TREM|AP,Trem (AP),AP,64,98,42.19,18,14,5,3,6,18,22,-4
2024,D,39,HERCILIO LUZ|SC,Hercílio Luz (SC),SC,64,99,40.62,18,14,3,9,2,11,10,1
2024,D,40,IPORA|GO,Iporá (GO),GO,64,100,39.06,17,14,5,2,7,16,21,-5
2024,D,41,CONCORDIA|SC,Concórdia (SC),SC,64,101,37.5,17,14,4,5,5,13,12,1
2024,D,42,SANTA CRUZ|RN,Santa Cruz (RN),RN,64,102,35.94,16,14,5,1,8,17,25,-8
2024,D,43,SAO RAIMUNDO|RR,São Raimundo (RR),RR,64,103,34.38,16,14,5,1,8,16,24,-8
2024,D,44,CAMETA|PA,Cametá (PA),PA,64,104,32.81,16,14,4,4,6,17,17,0
2024,D,45,BARRA|SC,Barra (SC),SC,64,105,31.25,16,14,3,7,4,15,12,3
2024,D,46,UNIAO RONDONOPOLIS|MT,União Rondonópolis (MT),MT,64,106,29.69,16,14,3,7,4,14,15,-1
2024,D,47,FC CASCAVEL|PR,Fc Cascavel (PR),PR,64,107,28.12,15,14,3,6,5,8,12,-4
2024,D,48,FLUMINENSE|PI,Fluminense (PI),PI,64,108,26.56,15,14,3,6,5,14,19,-5
2024,D,49,MOTO CLUB|MA,Moto Club (MA),MA,64,109,25.0,15,14,3,6,5,17,24,-7
2024,D,50,POUSO ALEGRE|MG,Pouso Alegre (MG),MG,64,110,23.44,14,14,3,5,6,11,9,2
2024,D,51,SAO JOSE|SP,São José (SP),SP,64,111,21.88,14,14,2,8,4,12,19,-7
2024,D,52,AGUIA DE MARABA|PA,Águia de Marabá (PA),PA,64,112,20.31,14,14,2,8,4,12,19,-7
2024,D,53,MARACANA|CE,Maracanã (CE),CE,64,113,18.75,12,14,3,3,8,13,21,-8
2024,D,54,RIO BRANCO|AC,Rio Branco (AC),AC,64,114,17.19,12,14,3,3,8,14,25,-11
2024,D,55,IPATINGA|MG,Ipatinga (MG),MG,64,115,15.62,11,14,2,5,7,8,18,-10
2024,D,56,DEMOCRATA SL|MG,Democrata-Sl (MG),MG,64,116,14.06,10,14,2,4,8,8,21,-13
2024,D,57,PETROLINA|PE,Petrolina (PE),PE,64,117,12.5,10,14,2,4,8,6,19,-13
2024,D,58,AUDAX RIO|RJ,Audax Rio (RJ),RJ,64,118,10.94,9,14,2,3,9,10,19,-9
2024,D,59,REAL BRASILIA|DF,Real Brasília (DF),DF,64,119,9.38,9,14,2,3,9,10,20,-10
2024,D,60,SERGIPE|SE,Sergipe (SE),SE,64,120,7.81,9,14,2,3,9,11,22,-11
2024,D,61,CAPITAL|TO,Capital (TO),TO,64,121,6.25,8,14,2,2,10,10,29,-19
2024,D,62,POTIGUAR|RN,Potiguar (RN),RN,64,122,4.69,7,14,1,4,9,7,21,-14
2024,D,63,PATROCINENSE|MG,Patrocinense (MG),MG,64,123,3.12,5,14,1,2,11,6,32,-26
2024,D,64,HUMAITA|AC,Humaitá (AC),AC,64,124,1.56,1,14,0,1,13,7,36,-29
